event_id,label,scenario,time_ms,ax_g,ay_g,az_g,gx_dps,gy_dps,gz_dps
SIM-0075,0,pothole,0,0.001451,0.001649,0.982610,5.920384,2.285020,4.691346
SIM-0075,0,pothole,10,-0.020503,0.028776,1.042030,5.171389,3.850483,5.081742
SIM-0075,0,pothole,20,-0.053520,0.017422,1.013779,4.914184,2.558931,0.708902
SIM-0075,0,pothole,30,0.013169,0.025316,1.076818,6.408188,0.013639,3.234117
SIM-0075,0,pothole,40,0.006102,0.039978,1.041011,4.500639,-0.455368,-0.458550
SIM-0075,0,pothole,50,-0.007484,0.001511,1.058545,2.500735,-0.690051,5.184588
SIM-0075,0,pothole,60,-0.016515,0.017130,1.023339,4.126171,1.872123,2.660750
SIM-0075,0,pothole,70,-0.026516,-0.002922,0.987293,2.436266,3.482182,1.807351
SIM-0075,0,pothole,80,0.077718,0.040688,0.957305,7.234293,0.942348,6.420923
SIM-0075,0,pothole,90,-0.018840,0.023125,0.925356,4.051513,4.172943,6.584649
SIM-0075,0,pothole,100,-0.013907,0.049982,0.950449,2.177060,3.489164,7.141770
SIM-0075,0,pothole,110,-0.010203,0.029267,0.983497,4.132422,4.019438,2.737917
SIM-0075,0,pothole,120,0.028407,0.043953,0.950652,3.840756,3.063145,5.596959
SIM-0075,0,pothole,130,0.013926,0.046771,0.974242,5.416060,1.503762,4.752118
SIM-0075,0,pothole,140,-0.000277,0.050678,1.033686,4.857134,3.761279,4.930190
SIM-0075,0,pothole,150,0.021345,0.047911,1.036322,4.787690,1.542005,5.236321
SIM-0075,0,pothole,160,-0.013153,-0.016485,1.020425,6.130584,3.140952,5.861100
SIM-0075,0,pothole,170,0.015032,0.018158,0.991334,3.972440,2.677018,7.260487
SIM-0075,0,pothole,180,0.031727,0.040219,0.998130,4.772787,2.514190,3.834198
SIM-0075,0,pothole,190,-0.012840,0.036617,0.997655,0.999160,2.454764,4.504542
SIM-0075,0,pothole,200,0.040441,0.030130,0.941646,2.869548,3.070254,6.091385
SIM-0075,0,pothole,210,-0.010944,0.077194,0.950330,2.542356,3.992735,4.963514
SIM-0075,0,pothole,220,-0.020902,0.055390,1.011216,5.209292,3.884565,3.860257
SIM-0075,0,pothole,230,0.002904,0.070021,0.964548,3.559873,0.123245,5.756636
SIM-0075,0,pothole,240,0.020757,0.044977,1.031100,6.324025,3.178363,3.532441
SIM-0075,0,pothole,250,-0.044654,0.066128,1.010514,4.765888,3.765641,4.471248
SIM-0075,0,pothole,260,-0.024509,0.021905,1.041899,3.405701,3.159747,2.131820
SIM-0075,0,pothole,270,-0.000378,0.039883,0.978396,5.271865,2.748687,3.260634
SIM-0075,0,pothole,280,0.017346,0.022864,1.011709,5.732206,0.387894,4.546661
SIM-0075,0,pothole,290,-0.007616,0.048241,1.007502,2.975039,3.211281,4.151770
SIM-0075,0,pothole,300,0.031191,0.058798,1.044548,4.149091,0.323070,1.663351
SIM-0075,0,pothole,310,0.009332,0.013112,1.005081,4.174347,1.320877,6.597117
SIM-0075,0,pothole,320,0.025004,0.030714,0.993569,2.053357,1.158792,3.251715
SIM-0075,0,pothole,330,-0.006171,0.028114,0.971422,1.492426,1.227387,4.964343
SIM-0075,0,pothole,340,-0.046707,0.072762,1.012083,1.905774,5.192543,4.663139
SIM-0075,0,pothole,350,-0.022877,0.020036,0.955021,1.553522,3.057022,6.579716
SIM-0075,0,pothole,360,0.000611,0.049089,0.977211,3.605533,0.176890,7.146613
SIM-0075,0,pothole,370,-0.042788,0.051342,0.968847,2.627591,4.036614,5.325204
SIM-0075,0,pothole,380,-0.010311,0.032814,0.993232,1.995794,1.007560,3.065655
SIM-0075,0,pothole,390,-0.013894,0.049186,1.025507,2.410195,1.109338,6.755393
SIM-0075,0,pothole,400,-0.049272,0.075109,1.007563,0.100271,4.382356,3.685672
SIM-0075,0,pothole,410,-0.003696,0.056270,1.017822,0.019315,0.697884,6.102504
SIM-0075,0,pothole,420,-0.058872,0.048918,1.035421,0.019243,0.097613,4.667024
SIM-0075,0,pothole,430,-0.028201,0.052497,0.975320,4.145229,-2.319862,3.857266
SIM-0075,0,pothole,440,-0.044834,0.069457,1.001231,3.567553,-0.353785,3.059725
SIM-0075,0,pothole,450,-0.010989,0.079060,0.952891,4.209204,3.536786,1.900616
SIM-0075,0,pothole,460,-0.038610,0.060136,0.974246,3.488776,2.454328,4.150516
SIM-0075,0,pothole,470,-0.011639,0.005975,0.954575,2.192120,-1.762870,3.969325
SIM-0075,0,pothole,480,-0.016642,0.052139,0.966973,0.807161,0.861067,8.456007
SIM-0075,0,pothole,490,-0.028434,0.062839,1.000481,1.745493,-1.237628,2.909716
SIM-0075,0,pothole,500,-0.032910,0.031804,0.983687,1.770590,1.186729,4.848351
SIM-0075,0,pothole,510,-0.034630,0.041049,1.041132,1.898341,2.962382,6.980013
SIM-0075,0,pothole,520,-0.028722,0.073129,1.018183,2.421789,1.356566,1.827968
SIM-0075,0,pothole,530,-0.040804,0.056589,1.023669,1.452925,0.419702,4.513217
SIM-0075,0,pothole,540,-0.046499,0.020599,1.023864,1.749896,2.933214,3.141258
SIM-0075,0,pothole,550,-0.091152,0.065601,1.029345,-0.114219,1.341671,5.466516
SIM-0075,0,pothole,560,-0.072278,0.049388,1.011544,0.932628,1.376851,3.074059
SIM-0075,0,pothole,570,-0.072499,0.069110,0.967198,3.427520,1.264895,4.994629
SIM-0075,0,pothole,580,-0.048873,0.016605,0.994657,-0.880162,0.668743,2.905253
SIM-0075,0,pothole,590,-0.086815,0.077232,0.963918,-3.618587,2.226475,3.998794
SIM-0075,0,pothole,600,-0.083084,0.113045,0.966790,-0.797469,-2.771753,6.756119
SIM-0075,0,pothole,610,-0.074234,0.022483,0.969093,-1.959104,0.968409,4.218838
SIM-0075,0,pothole,620,-0.049471,0.095795,0.998298,-0.166079,-1.179185,5.527951
SIM-0075,0,pothole,630,-0.074313,0.033815,1.006410,1.314171,-1.853739,3.646836
SIM-0075,0,pothole,640,-0.047215,0.041658,1.025494,-1.278547,0.107530,4.141895
SIM-0075,0,pothole,650,-0.054243,0.067835,1.046096,-1.592397,3.015107,4.437196
SIM-0075,0,pothole,660,-0.038195,0.031110,1.005680,-1.964879,1.175300,2.412288
SIM-0075,0,pothole,670,-0.041031,0.048815,1.013228,-1.156065,0.877308,5.274030
SIM-0075,0,pothole,680,-0.058504,0.087631,1.015663,-3.141932,1.975398,5.711793
SIM-0075,0,pothole,690,-0.028161,0.093290,0.983552,-1.420514,-0.235693,1.673059
SIM-0075,0,pothole,700,-0.074816,0.037478,0.980555,-3.070245,0.041319,2.524366
SIM-0075,0,pothole,710,-0.053120,0.073313,0.969438,-1.484930,1.841504,3.096293
SIM-0075,0,pothole,720,-0.042279,0.043703,0.973797,-0.261271,1.041560,2.586521
SIM-0075,0,pothole,730,-0.041395,0.070082,0.960355,-1.757890,2.856278,4.193491
SIM-0075,0,pothole,740,-0.040525,0.088506,1.018248,-1.832788,0.930329,6.923355
SIM-0075,0,pothole,750,-0.029229,0.053928,1.032063,-2.940510,-2.382417,6.854878
SIM-0075,0,pothole,760,-0.047246,0.063353,1.023122,-1.280252,0.137208,2.523168
SIM-0075,0,pothole,770,-0.016787,0.062951,1.023780,0.214279,-0.910944,3.400164
SIM-0075,0,pothole,780,-0.014448,0.073987,1.014443,-2.231826,0.464179,6.000832
SIM-0075,0,pothole,790,-0.030559,0.078748,1.033813,-3.653538,-0.075406,2.460838
SIM-0075,0,pothole,800,-0.016638,0.096050,1.030677,-3.047981,-1.053041,5.101721
SIM-0075,0,pothole,810,-0.011315,0.028868,1.021159,-2.880950,0.777891,4.352626
SIM-0075,0,pothole,820,-0.056810,0.086901,0.981057,-2.750764,2.150281,1.556929
SIM-0075,0,pothole,830,-0.033336,0.043435,0.991329,-3.609448,-1.141670,4.430407
SIM-0075,0,pothole,840,-0.004026,0.036423,0.970877,-3.137463,3.183756,4.744460
SIM-0075,0,pothole,850,-0.024248,0.069346,0.956114,-1.229650,0.081074,2.304129
SIM-0075,0,pothole,860,0.017212,0.043920,0.979996,-4.563514,0.395030,1.966000
SIM-0075,0,pothole,870,-0.045903,0.071275,1.017883,-3.247246,-0.375476,3.280277
SIM-0075,0,pothole,880,-0.026252,0.078858,0.950782,-2.417116,0.074191,4.992515
SIM-0075,0,pothole,890,-0.002112,0.052398,1.051724,-6.065216,-0.663618,3.398391
SIM-0075,0,pothole,900,-0.010215,0.060989,1.032978,-4.051976,3.200479,4.060184
SIM-0075,0,pothole,910,0.017359,0.054854,1.017810,-4.692508,-0.144208,3.211271
SIM-0075,0,pothole,920,-0.041617,0.055242,1.008894,-4.896437,0.205432,1.270885
SIM-0075,0,pothole,930,-0.034206,0.051419,1.008633,-7.126063,-1.011428,4.320723
SIM-0075,0,pothole,940,0.010909,0.025140,0.978967,-6.264263,0.266352,1.370035
SIM-0075,0,pothole,950,-0.041086,0.035161,0.999764,-4.434454,0.964753,2.784667
SIM-0075,0,pothole,960,-0.013106,0.074865,1.017349,-2.185596,-1.330377,3.684825
SIM-0075,0,pothole,970,0.000883,0.082755,0.946027,-5.713872,2.847311,5.900264
SIM-0075,0,pothole,980,0.030759,0.066286,0.932265,-5.226848,-2.007871,2.407118
SIM-0075,0,pothole,990,0.008009,0.075515,1.006531,-4.334994,0.203900,0.759563
SIM-0075,0,pothole,1000,0.016556,0.007033,0.978296,-5.057264,-2.027393,2.353946
SIM-0075,0,pothole,1010,-0.005939,0.059979,1.014325,-4.276098,-1.827812,1.098310
SIM-0075,0,pothole,1020,-0.018694,-0.008083,1.040490,-5.704798,-0.536630,1.348258
SIM-0075,0,pothole,1030,0.003596,0.023083,1.026473,-6.472300,0.956726,3.832891
SIM-0075,0,pothole,1040,0.021604,0.040736,1.016337,-5.312032,-2.250619,2.579777
SIM-0075,0,pothole,1050,0.003629,0.034308,1.068100,-4.474757,2.714095,1.254456
SIM-0075,0,pothole,1060,0.001988,0.048075,1.009030,-6.818336,1.360405,2.924898
SIM-0075,0,pothole,1070,-0.014301,0.049456,0.988002,-7.379710,2.632867,2.196913
SIM-0075,0,pothole,1080,0.013830,0.023701,0.968405,-5.188465,2.265413,3.218088
SIM-0075,0,pothole,1090,-0.011924,0.040886,0.980657,-9.999815,-0.358008,2.565156
SIM-0075,0,pothole,1100,0.000797,0.027185,0.949358,-7.853193,0.230802,4.788671
SIM-0075,0,pothole,1110,0.001627,0.010504,0.935726,-5.470052,0.543757,2.320448
SIM-0075,0,pothole,1120,0.012687,0.037033,1.047346,-6.467421,0.986458,1.623245
SIM-0075,0,pothole,1130,-0.000811,0.043974,0.996864,-6.553065,-0.497838,4.407034
SIM-0075,0,pothole,1140,0.008964,0.021378,0.997090,-5.736720,-1.751258,3.499214
SIM-0075,0,pothole,1150,-0.031739,0.036841,1.053449,-5.236526,0.246317,3.227942
SIM-0075,0,pothole,1160,0.009329,0.036506,0.997145,-6.350357,-0.320598,2.932354
SIM-0075,0,pothole,1170,0.001711,0.029797,1.026442,-7.637400,0.252486,2.146786
SIM-0075,0,pothole,1180,0.016179,0.027483,1.017417,-9.954399,-1.008481,1.812588
SIM-0075,0,pothole,1190,-0.055157,0.015147,1.000412,-6.953763,-0.399606,2.893859
SIM-0075,0,pothole,1200,-0.040144,0.033463,0.964060,-7.580823,-1.424132,3.674977
SIM-0075,0,pothole,1210,-0.015323,0.034050,0.991035,-4.177835,0.005755,1.305952
SIM-0075,0,pothole,1220,-0.037326,0.030607,0.955189,-4.940561,-2.338076,6.276500
SIM-0075,0,pothole,1230,0.003223,0.005247,0.912639,-4.788683,1.720241,5.435250
SIM-0075,0,pothole,1240,-0.033342,0.017611,0.960881,-8.029804,-2.633330,-0.789946
SIM-0075,0,pothole,1250,-0.011559,0.024481,0.963241,-6.744047,1.528923,1.621534
SIM-0075,0,pothole,1260,-0.033523,0.035316,1.003407,-6.766786,-1.773567,1.500095
SIM-0075,0,pothole,1270,-0.017922,0.024356,1.008748,-8.321825,0.601270,0.869871
SIM-0075,0,pothole,1280,-0.000582,0.008226,1.047542,-6.245708,-1.443694,0.629493
SIM-0075,0,pothole,1290,-0.004250,0.019464,1.030166,-5.898890,-1.305118,0.931057
SIM-0075,0,pothole,1300,-0.023617,0.013849,1.062885,-6.119211,0.236501,0.954182
SIM-0075,0,pothole,1310,-0.027405,0.006979,1.012908,-6.220256,-0.084477,2.365623
SIM-0075,0,pothole,1320,-0.062154,-0.012002,0.988093,-6.376370,-1.713014,3.026806
SIM-0075,0,pothole,1330,-0.025115,0.029238,0.957025,-7.556828,-0.859593,5.121282
SIM-0075,0,pothole,1340,0.024035,0.027548,0.986745,-7.370383,-3.432371,1.096884
SIM-0075,0,pothole,1350,-0.074378,0.033172,0.983543,-6.094927,-1.513213,-0.707263
SIM-0075,0,pothole,1360,-0.032483,-0.036570,0.964867,-7.429864,-0.119714,3.981805
SIM-0075,0,pothole,1370,-0.014707,0.010754,1.006705,-6.980966,0.700606,4.259036
SIM-0075,0,pothole,1380,-0.054255,0.021247,1.035541,-7.347630,-0.223831,3.709086
SIM-0075,0,pothole,1390,-0.029264,0.020367,1.029427,-4.208475,1.477486,1.403455
SIM-0075,0,pothole,1400,0.023003,-0.028983,1.055396,-9.024905,-2.345799,2.512384
SIM-0075,0,pothole,1410,-0.081237,-0.022457,0.997522,-7.718083,-1.235152,1.886425
SIM-0075,0,pothole,1420,0.013417,-0.012980,0.996508,-5.286112,-2.072392,2.494045
SIM-0075,0,pothole,1430,-0.046282,0.048377,0.989779,-6.049422,0.760215,3.142447
SIM-0075,0,pothole,1440,-0.048853,0.009359,1.015139,-8.139244,-0.644533,1.312895
SIM-0075,0,pothole,1450,-0.042883,-0.013890,0.993465,-5.189583,-1.267632,2.474438
SIM-0075,0,pothole,1460,-0.005894,-0.004968,0.930612,-5.889924,0.191585,1.241533
SIM-0075,0,pothole,1470,-0.018646,-0.010925,0.972296,-4.629052,1.922676,1.458809
SIM-0075,0,pothole,1480,-0.010900,-0.000338,0.980577,-5.497242,-4.048895,0.270329
SIM-0075,0,pothole,1490,-0.021371,0.001054,0.986715,-8.376772,-2.648054,3.037010
SIM-0075,0,pothole,1500,-0.019601,-0.000518,0.941572,-6.793389,-4.371666,3.521802
SIM-0075,0,pothole,1510,-0.031020,-0.050979,1.013361,-8.072997,0.352537,1.675667
SIM-0075,0,pothole,1520,-0.020480,0.011738,1.026594,-7.343233,-1.362865,-1.189986
SIM-0075,0,pothole,1530,-0.024833,-0.002406,1.025676,-5.338621,-2.345732,5.713239
SIM-0075,0,pothole,1540,-0.020876,-0.016277,1.030045,-5.837604,-1.234682,0.120618
SIM-0075,0,pothole,1550,-0.002441,0.023114,1.039465,-5.474267,-3.439165,1.104498
SIM-0075,0,pothole,1560,-0.038396,-0.011602,0.989320,-3.880147,-0.577370,1.063570
SIM-0075,0,pothole,1570,-0.051475,-0.013919,0.989436,-4.523922,-1.032122,-0.273524
SIM-0075,0,pothole,1580,-0.019529,-0.003928,0.970738,-7.633958,-1.065672,-0.007247
SIM-0075,0,pothole,1590,-0.015630,-0.023298,0.975856,-4.380654,-1.036132,3.323723
SIM-0075,0,pothole,1600,0.000366,-0.010543,0.966530,-3.490829,0.135642,2.446372
SIM-0075,0,pothole,1610,-0.036425,-0.013618,0.960690,-6.266279,-3.408160,1.914318
SIM-0075,0,pothole,1620,-0.045485,0.003482,0.985331,-4.852099,-0.669105,2.099444
SIM-0075,0,pothole,1630,-0.013417,-0.018003,1.023841,-5.080495,-0.497670,3.260195
SIM-0075,0,pothole,1640,-0.025706,0.010495,1.031113,-6.192192,-1.584642,-0.477068
SIM-0075,0,pothole,1650,-0.059625,0.006955,1.046581,-5.019819,-0.278812,-0.631629
SIM-0075,0,pothole,1660,0.007977,-0.058722,1.029143,-4.056580,0.409807,1.214020
SIM-0075,0,pothole,1670,0.001687,0.000380,1.024447,-4.796079,-3.861741,1.825367
SIM-0075,0,pothole,1680,-0.021650,0.007147,0.994040,-5.426584,0.470195,1.586958
SIM-0075,0,pothole,1690,-0.026886,0.013340,1.010951,-3.631703,0.457111,1.804027
SIM-0075,0,pothole,1700,0.001037,-0.071539,0.955494,-4.444001,-2.015906,-0.173038
SIM-0075,0,pothole,1710,-0.019424,0.005065,0.962241,-5.367288,-3.400266,-0.354143
SIM-0075,0,pothole,1720,0.029402,0.005687,0.959301,-5.113664,-1.883278,-1.773873
SIM-0075,0,pothole,1730,0.011414,-0.023835,0.940963,-3.681600,-0.343723,-0.970501
SIM-0075,0,pothole,1740,0.044821,-0.023273,0.991654,-5.299976,-1.079621,2.053868
SIM-0075,0,pothole,1750,0.018895,-0.015439,0.999300,-5.378036,-0.892992,0.909898
SIM-0075,0,pothole,1760,0.027329,-0.020086,0.977898,-4.515483,-0.792365,0.248440
SIM-0075,0,pothole,1770,-0.040206,-0.048233,1.029859,-1.842142,-2.370353,-0.827959
SIM-0075,0,pothole,1780,0.013328,-0.036464,1.039851,-3.789646,-1.520282,0.109528
SIM-0075,0,pothole,1790,-0.016861,-0.043892,1.030660,-2.025363,-2.574629,-0.217705
SIM-0075,0,pothole,1800,0.000021,-0.045875,1.035457,-2.218198,-0.215177,-0.932796
SIM-0075,0,pothole,1810,0.021653,-0.021620,1.001848,-1.908354,-2.359565,1.595862
SIM-0075,0,pothole,1820,0.043270,-0.047581,0.996161,-1.818031,-1.003996,0.152256
SIM-0075,0,pothole,1830,0.055719,-0.044719,0.971050,-3.401965,-1.066526,1.917480
SIM-0075,0,pothole,1840,0.048914,-0.014032,0.940360,-0.370629,0.293920,-1.026363
SIM-0075,0,pothole,1850,-0.001524,-0.045254,0.953302,-2.321609,0.604263,-0.110148
SIM-0075,0,pothole,1860,0.013244,-0.008128,0.972275,-3.395951,-1.388451,-0.219339
SIM-0075,0,pothole,1870,0.062307,-0.013504,1.010975,-2.283875,-1.880413,0.603280
SIM-0075,0,pothole,1880,0.053375,-0.027772,1.019357,-1.557100,-2.581718,-0.258716
SIM-0075,0,pothole,1890,0.005473,-0.078881,0.986015,-1.614101,-2.055003,-0.247894
SIM-0075,0,pothole,1900,0.029107,0.028700,1.036288,-2.000475,-1.163228,0.781276
SIM-0075,0,pothole,1910,-0.004954,-0.046317,1.030131,-3.403942,1.380916,1.500444
SIM-0075,0,pothole,1920,0.011452,-0.009693,1.032725,-2.487652,-0.444631,0.284624
SIM-0075,0,pothole,1930,0.072240,-0.038636,1.032745,-4.188429,-2.103466,-2.211185
SIM-0075,0,pothole,1940,0.041640,-0.023178,0.999710,-0.481625,-1.515876,-0.421542
SIM-0075,0,pothole,1950,0.002892,-0.072769,1.036103,-0.354494,-1.558882,-0.815321
SIM-0075,0,pothole,1960,0.048591,-0.023436,0.973795,0.026259,-3.061978,2.197861
SIM-0075,0,pothole,1970,0.049706,-0.062847,0.959789,-0.953933,-3.274125,-0.304492
SIM-0075,0,pothole,1980,0.044960,-0.015423,0.989361,0.441430,-3.975066,1.087164
SIM-0075,0,pothole,1990,0.047091,-0.049636,0.980026,-2.772185,-1.615231,0.838681
SIM-0075,0,pothole,2000,0.030502,-0.050469,1.008022,-2.814545,-1.224239,1.547562
SIM-0075,0,pothole,2010,-0.000185,-0.025222,1.038140,-1.609003,-2.957504,1.990849
SIM-0075,0,pothole,2020,0.060567,-0.083427,1.078545,-0.480942,-0.888893,0.342861
SIM-0075,0,pothole,2030,0.023083,0.011541,1.028104,0.063973,-0.542431,-0.454049
SIM-0075,0,pothole,2040,0.032512,-0.026389,1.069895,-2.180595,0.100529,-3.713789
SIM-0075,0,pothole,2050,0.056051,-0.029937,1.028874,3.005127,-1.595618,-0.416882
SIM-0075,0,pothole,2060,0.008860,-0.006216,0.984361,-0.510519,-1.059100,-0.320871
SIM-0075,0,pothole,2070,0.019366,-0.058053,1.001323,-0.093534,-0.927261,1.435292
SIM-0075,0,pothole,2080,0.017561,0.002470,0.917685,1.113781,0.795418,-1.518997
SIM-0075,0,pothole,2090,-0.017131,-0.006008,0.968696,-0.494032,-1.115651,0.978215
SIM-0075,0,pothole,2100,-0.001618,-0.040052,0.962249,-0.705384,-0.317202,-3.033233
SIM-0075,0,pothole,2110,0.000408,-0.029127,0.961134,1.138430,-2.453230,-1.958002
SIM-0075,0,pothole,2120,0.004469,-0.004444,1.000457,1.086921,1.788755,-2.394903
SIM-0075,0,pothole,2130,0.008208,-0.006013,1.028155,1.010801,-0.635011,-0.894309
SIM-0075,0,pothole,2140,-0.050732,-0.044235,1.082317,1.158821,0.040190,1.127271
SIM-0075,0,pothole,2150,-0.036371,-0.002646,1.069684,2.186132,-0.174669,-0.731414
SIM-0075,0,pothole,2160,0.027386,-0.002667,1.039172,1.093029,-1.886717,0.988652
SIM-0075,0,pothole,2170,0.015723,0.017377,1.022720,0.761665,-3.127560,0.595001
SIM-0075,0,pothole,2180,0.011804,-0.028343,0.954802,5.218249,0.141557,-0.691134
SIM-0075,0,pothole,2190,0.010939,-0.043954,0.994301,-0.291521,-0.064515,0.560708
SIM-0075,0,pothole,2200,-0.019309,-0.003208,0.977016,0.926751,-3.665304,-2.875872
SIM-0075,0,pothole,2210,0.022308,-0.016322,0.963929,3.857395,-1.682325,-3.031247
SIM-0075,0,pothole,2220,-0.002464,-0.034340,0.959915,2.052035,0.353249,-3.060330
SIM-0075,0,pothole,2230,-0.007936,-0.034154,0.958395,0.212596,0.130328,-1.157827
SIM-0075,0,pothole,2240,0.002744,-0.065932,0.977991,1.894697,-3.883367,-1.174002
SIM-0075,0,pothole,2250,-0.004911,-0.036772,1.024314,2.183984,-2.038770,-1.427702
SIM-0075,0,pothole,2260,-0.027453,0.019214,1.010920,-0.081502,-0.988573,-1.588531
SIM-0075,0,pothole,2270,-0.051926,-0.010001,1.020161,5.754378,-1.515149,-1.275954
SIM-0075,0,pothole,2280,-0.013024,-0.025295,1.069354,2.476400,-0.457991,-1.742388
SIM-0075,0,pothole,2290,-0.015424,0.015724,1.001173,3.136123,-1.318004,-2.607582
SIM-0075,0,pothole,2300,-0.049785,0.004883,1.044265,3.175190,-3.325969,-2.283978
SIM-0075,0,pothole,2310,-0.026395,-0.060934,0.971778,2.625385,-1.587476,0.341231
SIM-0075,0,pothole,2320,0.002282,-0.015836,0.946434,4.136777,-2.024252,2.189212
SIM-0075,0,pothole,2330,-0.001149,-0.054499,0.960787,2.793344,1.845679,0.036268
SIM-0075,0,pothole,2340,0.013909,-0.047708,0.980504,3.083331,-1.420501,-1.231323
SIM-0075,0,pothole,2350,-0.019634,-0.011326,0.988707,1.786288,-0.193963,-3.380194
SIM-0075,0,pothole,2360,-0.028117,0.017715,0.975030,5.775386,-2.119700,-5.024379
SIM-0075,0,pothole,2370,0.005427,-0.002647,0.974060,3.748564,-1.819379,-1.238195
SIM-0075,0,pothole,2380,0.006224,-0.015871,0.998928,3.580698,0.420729,-0.520106
SIM-0075,0,pothole,2390,0.022153,-0.044304,1.026166,4.617192,-0.516472,-0.930128
SIM-0075,0,pothole,2400,-0.000061,-0.042654,1.006939,4.314304,1.198019,-3.423931
SIM-0075,0,pothole,2410,0.010163,0.032002,1.036113,3.385154,-2.606320,-1.870639
SIM-0075,0,pothole,2420,0.014305,0.002468,1.036584,4.034854,-1.313055,-0.763354
SIM-0075,0,pothole,2430,-0.001493,0.010208,1.027769,1.620538,-0.271389,-4.361842
SIM-0075,0,pothole,2440,0.003799,0.011673,1.013377,5.874374,-1.038344,0.372754
SIM-0075,0,pothole,2450,0.014767,-0.024278,0.963041,2.343911,0.757099,-1.366663
SIM-0075,0,pothole,2460,0.003031,-0.010819,0.977746,2.139336,-0.358384,-1.080114
SIM-0075,0,pothole,2470,0.049936,-0.013256,0.957366,3.950379,-1.495884,-1.643826
SIM-0075,0,pothole,2480,0.008257,0.000541,0.962758,4.871856,0.015959,-3.702941
SIM-0075,0,pothole,2490,0.018536,0.019175,0.994230,4.359393,-2.601514,-1.212820
SIM-0075,0,pothole,2500,-0.002434,-0.005843,0.990118,4.834157,0.070292,-2.602251
SIM-0075,0,pothole,2510,0.002979,0.020078,1.026948,3.500035,1.503696,0.264695
SIM-0075,0,pothole,2520,0.030911,0.015663,1.027743,1.584627,-1.059061,-3.119536
SIM-0075,0,pothole,2530,0.010228,0.005163,1.020262,3.971434,1.526242,-2.430621
SIM-0075,0,pothole,2540,0.021321,-0.031168,1.029548,2.216145,-1.797385,-0.065448
SIM-0075,0,pothole,2550,0.021889,-0.014270,0.981426,5.830366,0.347431,-3.309504
SIM-0075,0,pothole,2560,0.063638,0.005475,1.004392,3.589052,-1.694351,-1.442736
SIM-0075,0,pothole,2570,0.056641,0.038323,0.998598,5.546853,2.148629,-2.056258
SIM-0075,0,pothole,2580,0.021927,0.024042,1.022349,3.411225,-0.510005,-2.310727
SIM-0075,0,pothole,2590,0.020990,0.008023,0.946538,4.604634,-0.252751,-2.475026
SIM-0075,0,pothole,2600,0.039332,0.013066,0.947593,4.967854,-1.634068,-1.626268
SIM-0075,0,pothole,2610,0.038203,0.039503,0.968047,3.032707,-1.710582,-2.598780
SIM-0075,0,pothole,2620,0.053982,0.013376,1.011377,5.005597,0.495622,-1.356927
SIM-0075,0,pothole,2630,0.061685,-0.005370,1.034309,5.526413,0.199816,-0.910671
SIM-0075,0,pothole,2640,0.114430,-0.017642,1.033580,6.006476,2.053923,-0.881738
SIM-0075,0,pothole,2650,0.058013,-0.030197,1.049961,4.581285,-0.943823,-1.075959
SIM-0075,0,pothole,2660,0.027959,0.051489,1.044152,3.996995,0.867866,-5.119891
SIM-0075,0,pothole,2670,0.019957,0.070236,1.031541,4.880440,-0.507735,-5.092984
SIM-0075,0,pothole,2680,0.048593,-0.022248,1.026428,4.349891,0.027526,-0.956077
SIM-0075,0,pothole,2690,0.041259,0.012323,1.013099,2.659904,0.258239,-0.247034
SIM-0075,0,pothole,2700,0.091432,-0.005255,0.982165,4.913370,-0.014382,-3.337135
SIM-0075,0,pothole,2710,0.077649,0.036762,0.949028,2.386245,1.540716,1.886039
SIM-0075,0,pothole,2720,0.058759,0.014737,0.991154,6.712859,0.292178,-3.636064
SIM-0075,0,pothole,2730,0.056270,0.024017,0.986073,4.028398,2.118096,-1.426346
SIM-0075,0,pothole,2740,0.118272,0.037024,0.967108,5.292031,0.516595,-1.689338
SIM-0075,0,pothole,2750,0.056526,0.062552,0.999798,4.631937,0.754435,-2.389447
SIM-0075,0,pothole,2760,0.088654,0.040704,0.987809,4.378836,0.322585,-2.142141
SIM-0075,0,pothole,2770,0.060026,0.039132,1.008999,4.649290,-0.851357,-0.956309
SIM-0075,0,pothole,2780,0.077535,0.037764,1.028739,3.185515,-2.233405,-0.689181
SIM-0075,0,pothole,2790,0.066869,0.023446,1.035140,2.711974,0.754324,-1.130305
SIM-0075,0,pothole,2800,0.009815,-0.020588,1.016298,3.012792,-0.594404,-2.065445
SIM-0075,0,pothole,2810,0.049950,0.003010,1.004870,5.070564,0.119594,-2.223598
SIM-0075,0,pothole,2820,0.053110,0.004618,1.022503,1.622997,0.140577,-2.550579
SIM-0075,0,pothole,2830,0.071263,0.038869,0.976029,2.667888,0.737332,0.775329
SIM-0075,0,pothole,2840,0.060300,0.004614,0.940526,4.418369,-1.276160,-0.966342
SIM-0075,0,pothole,2850,-0.005712,0.014657,0.961082,4.104738,3.353038,-0.808630
SIM-0075,0,pothole,2860,0.058948,0.012914,0.969274,3.510520,-0.102551,-3.154846
SIM-0075,0,pothole,2870,0.021023,0.075839,0.958883,3.416821,0.038430,0.834147
SIM-0075,0,pothole,2880,0.037984,0.028254,1.012396,5.581431,-0.899997,-0.870076
SIM-0075,0,pothole,2890,0.025433,0.037756,1.019570,2.896242,-0.693351,-2.547178
SIM-0075,0,pothole,2900,-0.033627,0.039811,0.998503,4.525078,-3.771414,-3.342551
SIM-0075,0,pothole,2910,0.029715,0.041537,1.003914,4.323937,1.505623,-0.382494
SIM-0075,0,pothole,2920,0.020720,0.038325,1.014399,3.346583,1.520592,-0.386582
SIM-0075,0,pothole,2930,0.051176,0.055959,1.032172,4.918322,0.774787,-1.148387
SIM-0075,0,pothole,2940,0.000981,0.050125,0.998251,1.701542,1.833075,-0.618777
SIM-0075,0,pothole,2950,0.033016,0.036506,0.990259,-0.355441,-2.824487,-2.124057
SIM-0075,0,pothole,2960,0.031359,0.004089,0.933528,4.875448,-0.739498,-2.056434
SIM-0075,0,pothole,2970,0.008373,0.055556,0.974245,5.140011,-0.308432,-4.322666
SIM-0075,0,pothole,2980,0.036678,0.038352,0.939548,2.494927,1.384585,-1.384189
SIM-0075,0,pothole,2990,0.005337,0.060067,0.982560,4.852418,1.768719,1.874360
SIM-0075,0,pothole,3000,0.023826,0.081763,1.013633,-1.033596,1.528522,0.620925
SIM-0075,0,pothole,3010,-0.011053,0.054714,0.992650,3.942851,2.676477,-2.824055
SIM-0075,0,pothole,3020,-0.009206,0.060355,0.996826,4.739958,-0.715551,-1.748380
SIM-0075,0,pothole,3030,0.011786,0.057958,1.058149,4.129979,1.139584,1.875212
SIM-0075,0,pothole,3040,0.018711,0.059636,1.015188,3.333521,-0.942536,-1.788556
SIM-0075,0,pothole,3050,-0.000860,0.032544,1.010285,4.864355,-0.232160,-1.784614
SIM-0075,0,pothole,3060,-0.008623,-0.012366,1.008906,2.542535,-0.133529,-2.060799
SIM-0075,0,pothole,3070,-0.053904,0.026942,0.979997,2.275241,-0.210546,-2.466213
SIM-0075,0,pothole,3080,0.009900,0.076327,0.943097,-0.779880,2.432872,1.276889
SIM-0075,0,pothole,3090,0.019561,0.019160,0.949893,1.924678,1.934347,-1.681064
SIM-0075,0,pothole,3100,0.007534,0.092790,0.975373,3.485957,2.730086,-0.473883
SIM-0075,0,pothole,3110,-0.004408,0.086576,0.932049,1.251248,2.894198,0.805668
SIM-0075,0,pothole,3120,0.023705,0.052850,1.011147,2.630967,2.828150,-0.387106
SIM-0075,0,pothole,3130,0.020856,0.053748,1.007336,0.770496,0.884435,-2.524504
SIM-0075,0,pothole,3140,0.010151,0.025525,0.962750,1.181436,3.074763,0.186109
SIM-0075,0,pothole,3150,0.015876,0.053195,1.047279,0.628531,2.756966,-0.336569
SIM-0075,0,pothole,3160,0.029684,0.097812,1.057777,0.200530,-0.105214,0.071612
SIM-0075,0,pothole,3170,-0.015324,0.049418,1.042591,1.757556,1.435933,-1.049599
SIM-0075,0,pothole,3180,0.011976,-0.003012,1.013304,1.324888,3.560019,-1.217871
SIM-0075,0,pothole,3190,0.023034,0.075715,0.983048,-1.951313,3.167040,0.287158
SIM-0075,0,pothole,3200,-0.007091,0.069703,0.967869,0.164101,4.419804,-3.093109
SIM-0075,0,pothole,3210,0.030148,0.047282,1.011915,0.731150,1.262399,-2.187893
SIM-0075,0,pothole,3220,-0.017803,0.014648,0.961075,2.433814,0.675291,-0.992755
SIM-0075,0,pothole,3230,-0.027733,0.044890,1.002243,2.047567,3.831722,-2.411806
SIM-0075,0,pothole,3240,0.001057,0.061676,0.994435,0.825181,0.094665,-0.581776
SIM-0075,0,pothole,3250,-0.016508,0.037072,0.998643,-3.388430,0.808931,-1.377442
SIM-0075,0,pothole,3260,-0.002957,0.057148,1.032057,2.424179,3.357132,-0.407580
SIM-0075,0,pothole,3270,-0.007338,0.075830,1.010244,1.425824,0.282344,-2.383513
SIM-0075,0,pothole,3280,-0.027800,0.029265,1.003928,-0.414816,1.276520,-1.220273
SIM-0075,0,pothole,3290,-0.008792,0.046392,1.058307,-1.577838,0.669269,-3.025732
SIM-0075,0,pothole,3300,0.054196,0.044403,1.020111,0.051440,1.663712,-1.491071
SIM-0075,0,pothole,3310,0.035040,0.014409,0.993003,-1.496348,0.846107,1.264073
SIM-0075,0,pothole,3320,0.056731,0.070042,1.001461,-2.279483,1.210068,-0.232093
SIM-0075,0,pothole,3330,0.021399,0.045610,0.977390,-2.440770,3.721095,-2.701206
SIM-0075,0,pothole,3340,-0.000170,0.013932,0.921329,-3.017635,1.361359,-2.533014
SIM-0075,0,pothole,3350,0.020566,0.075725,0.975886,1.345901,2.538984,-1.610072
SIM-0075,0,pothole,3360,0.007573,0.081039,0.911987,-0.026233,2.851324,-0.935020
SIM-0075,0,pothole,3370,0.019591,0.067127,0.981223,-2.101771,3.746025,0.142380
SIM-0075,0,pothole,3380,0.043615,0.022243,1.035042,-1.294324,0.115869,-1.570326
SIM-0075,0,pothole,3390,0.012033,0.055019,1.003355,-2.106961,0.872380,-3.216292
SIM-0075,0,pothole,3400,0.024320,0.020749,1.043082,-1.152117,6.218616,-1.727427
SIM-0075,0,pothole,3410,0.044516,0.053240,1.026540,-2.604678,2.538374,-2.961427
SIM-0075,0,pothole,3420,0.010738,0.067465,1.045767,-4.437629,1.623945,-0.596247
SIM-0075,0,pothole,3430,0.025424,0.071486,1.044111,-5.660533,0.878606,-1.351319
SIM-0075,0,pothole,3440,0.006140,0.029327,1.003061,-3.423780,4.282506,-0.732198
SIM-0075,0,pothole,3450,0.051779,0.021883,0.992015,-3.330166,2.060197,-1.571506
SIM-0075,0,pothole,3460,0.070214,0.049221,0.953763,-3.278005,2.323586,1.220306
SIM-0075,0,pothole,3470,0.087897,0.029698,0.949404,-2.645815,1.347333,-2.281558
SIM-0075,0,pothole,3480,0.032367,0.063366,0.968325,-2.954149,0.630760,1.263930
SIM-0075,0,pothole,3490,0.008682,0.062573,0.962742,-6.027561,2.884362,-0.388187
SIM-0075,0,pothole,3500,0.040659,0.071690,0.977137,-0.710427,4.393402,-0.295653
SIM-0075,0,pothole,3510,0.009116,0.033389,1.024175,-2.134206,-0.783073,-0.995939
SIM-0075,0,pothole,3520,0.053103,0.039728,1.030014,-7.114040,1.230959,-1.311658
SIM-0075,0,pothole,3530,0.053261,0.026826,1.049089,-5.365939,2.081840,-2.566325
SIM-0075,0,pothole,3540,0.058999,0.043295,0.999544,-3.218349,0.471219,-0.035209
SIM-0075,0,pothole,3550,0.056886,0.031715,1.038180,-4.046593,3.199533,-3.858013
SIM-0075,0,pothole,3560,0.008334,0.017305,1.004442,-6.159375,-2.419109,-0.425735
SIM-0075,0,pothole,3570,0.028306,0.031661,1.007388,-7.885772,1.226269,-0.866911
SIM-0075,0,pothole,3580,0.080723,0.033567,0.991052,-3.857718,2.397621,-1.279873
SIM-0075,0,pothole,3590,0.031285,0.041810,1.019493,-5.137412,0.770136,-0.476095
SIM-0075,0,pothole,3600,0.055076,0.064101,0.993798,-5.151115,4.258113,-0.385025
SIM-0075,0,pothole,3610,0.045820,0.048279,1.004137,-6.740321,1.414366,0.727847
SIM-0075,0,pothole,3620,0.080666,0.025173,1.035953,-5.946826,4.068259,-1.337311
SIM-0075,0,pothole,3630,0.007689,0.038923,0.976925,-5.724906,4.366860,0.404679
SIM-0075,0,pothole,3640,0.061439,0.076604,1.020616,-4.510147,3.166852,0.250759
SIM-0075,0,pothole,3650,0.008355,0.027663,1.050889,-4.857993,-0.415743,1.042484
SIM-0075,0,pothole,3660,0.033583,0.061199,1.056673,-4.318207,2.430953,0.612317
SIM-0075,0,pothole,3670,0.045352,0.069433,1.034367,-4.771141,3.720450,1.791470
SIM-0075,0,pothole,3680,0.037907,0.056633,1.025455,-7.837708,-0.085821,2.380611
SIM-0075,0,pothole,3690,0.014546,0.047640,0.982724,-5.682111,2.087691,-0.912452
SIM-0075,0,pothole,3700,0.028149,0.076384,0.984815,-6.068235,5.142125,2.480995
SIM-0075,0,pothole,3710,0.050801,0.051190,0.967591,-5.130277,3.631389,-3.021856
SIM-0075,0,pothole,3720,0.019125,0.017566,0.961184,-4.952146,1.136423,-1.188130
SIM-0075,0,pothole,3730,0.031501,0.064231,0.989791,-2.385161,2.103586,1.901071
SIM-0075,0,pothole,3740,0.014586,0.046643,0.995515,-5.776483,0.733813,0.895441
SIM-0075,0,pothole,3750,0.027839,0.056133,0.993726,-7.215027,0.976755,0.080489
SIM-0075,0,pothole,3760,-0.040042,0.058930,1.018750,-8.779758,3.152749,0.510468
SIM-0075,0,pothole,3770,0.018531,0.026160,1.075325,-5.217514,1.960756,-0.429934
SIM-0075,0,pothole,3780,-0.000526,0.053480,1.016912,-6.699013,4.745661,0.732494
SIM-0075,0,pothole,3790,0.010969,0.028009,1.038882,-5.899861,1.034908,0.974273
SIM-0075,0,pothole,3800,-0.019240,0.017890,1.012398,-4.598396,2.077038,-2.525235
SIM-0075,0,pothole,3810,0.012592,0.042536,1.023906,-7.642951,5.073715,-0.279276
SIM-0075,0,pothole,3820,-0.010277,0.016686,1.019049,-4.912310,2.443135,0.034888
SIM-0075,0,pothole,3830,0.001921,0.004479,0.966811,-5.885093,1.583712,1.933002
SIM-0075,0,pothole,3840,0.006666,0.032496,0.967888,-6.422773,2.335049,0.272682
SIM-0075,0,pothole,3850,0.007944,0.027867,0.933465,-6.850859,5.475842,0.297800
SIM-0075,0,pothole,3860,-0.014989,0.024004,0.984179,-7.575815,4.407485,-0.428632
SIM-0075,0,pothole,3870,0.003373,0.055866,1.042399,-7.323494,2.205222,2.178049
SIM-0075,0,pothole,3880,-0.018152,-0.000537,0.992764,-6.976318,1.666781,-0.619724
SIM-0075,0,pothole,3890,-0.023010,-0.003799,1.031183,-7.172884,2.953041,-0.068383
SIM-0075,0,pothole,3900,-0.024535,0.015695,1.012409,-7.744792,3.613559,-0.853470
SIM-0075,0,pothole,3910,-0.015992,-0.016586,1.015130,-9.117752,3.870662,2.108498
SIM-0075,0,pothole,3920,-0.004375,-0.015506,1.022693,-8.218644,2.423579,0.713722
SIM-0075,0,pothole,3930,-0.017758,0.012634,0.998698,-8.219300,3.272389,1.663558
SIM-0075,0,pothole,3940,-0.044593,0.016873,0.980447,-7.904082,1.453388,2.267566
SIM-0075,0,pothole,3950,-0.061196,0.050273,0.985664,-8.277669,2.630448,1.818712
SIM-0075,0,pothole,3960,-0.035874,0.028470,0.953197,-6.400468,1.801912,2.715305
SIM-0075,0,pothole,3970,-0.022559,0.044520,0.951136,-8.292699,1.993719,-1.343511
SIM-0075,0,pothole,3980,-0.002660,0.024828,0.961796,-8.204255,3.737252,1.377694
SIM-0075,0,pothole,3990,-0.022510,0.043614,0.969022,-4.485103,2.767674,3.662492
SIM-0075,0,pothole,4000,-0.066580,-0.003642,0.996174,-7.331721,3.450555,-0.952226
SIM-0075,0,pothole,4010,-0.018406,-0.014256,1.026318,-8.324101,3.901581,3.041615
SIM-0075,0,pothole,4020,-0.046881,0.002900,1.036271,-6.759200,2.790659,2.320131
SIM-0075,0,pothole,4030,-0.016426,0.023261,1.027378,-6.795608,1.233296,1.222044
SIM-0075,0,pothole,4040,-0.017644,0.011329,1.009080,-6.848687,2.057485,2.051666
SIM-0075,0,pothole,4050,-0.047188,0.017115,1.026103,-7.654026,-1.484909,-1.955097
SIM-0075,0,pothole,4060,-0.009464,-0.022058,0.991444,-5.224851,1.856840,2.189092
SIM-0075,0,pothole,4070,-0.014099,0.040256,0.954572,-8.489707,4.502565,1.263971
SIM-0075,0,pothole,4080,0.037943,-0.005697,0.971381,-6.750156,4.014632,0.266329
SIM-0075,0,pothole,4090,-0.057155,-0.041996,0.964339,-5.524213,4.316123,2.647239
SIM-0075,0,pothole,4100,-0.025233,0.051263,0.960906,-4.694399,0.906516,-0.961631
SIM-0075,0,pothole,4110,-0.019850,-0.004064,0.974155,-7.951592,1.640594,1.888796
SIM-0075,0,pothole,4120,0.009704,-0.000703,1.031649,-6.636129,4.995464,0.834351
SIM-0075,0,pothole,4130,0.006248,-0.036804,1.006941,-8.721071,1.892519,1.702592
SIM-0075,0,pothole,4140,0.006026,-0.025834,1.041107,-6.430682,1.261579,0.582920
SIM-0075,0,pothole,4150,-0.012211,-0.014849,1.014570,-8.232783,3.639205,1.005802
SIM-0075,0,pothole,4160,0.025452,0.016793,1.029197,-8.811015,4.504667,2.309125
SIM-0075,0,pothole,4170,0.008124,0.053004,1.022820,-5.420173,2.805034,0.677352
SIM-0075,0,pothole,4180,0.027594,0.003075,0.971148,-6.493938,2.661165,3.119823
SIM-0075,0,pothole,4190,-0.015072,-0.050095,1.007966,-8.756263,2.425064,0.993269
SIM-0075,0,pothole,4200,-0.027968,-0.004518,0.977690,-8.024901,4.277760,1.753633
SIM-0075,0,pothole,4210,-0.003170,-0.019476,0.959144,-7.330271,2.667657,1.350840
SIM-0075,0,pothole,4220,0.016495,-0.050832,0.973533,-7.353263,4.299208,2.381777
SIM-0075,0,pothole,4230,-0.015709,-0.028802,0.953238,-5.995395,0.280133,0.455194
SIM-0075,0,pothole,4240,0.025056,-0.034856,0.977492,-6.905654,1.255945,2.246409
SIM-0075,0,pothole,4250,0.004060,-0.048624,0.981777,-5.531774,2.025690,1.249032
SIM-0075,0,pothole,4260,0.020928,0.032144,1.023249,-4.648050,2.750440,3.198687
SIM-0075,0,pothole,4270,0.019491,-0.017326,1.079961,-4.005423,0.452200,2.852784
SIM-0075,0,pothole,4280,0.005099,-0.027362,1.012448,-5.171800,1.034958,2.898693
SIM-0075,0,pothole,4290,0.012900,-0.027680,1.048329,-6.711922,1.452072,2.422585
SIM-0075,0,pothole,4300,-0.002246,-0.048899,1.091995,-5.620723,1.132672,1.852827
SIM-0075,0,pothole,4310,0.037628,-0.015269,1.051919,-6.417360,5.132672,0.629896
SIM-0075,0,pothole,4320,0.026044,-0.020626,0.949225,-4.468929,3.223021,5.450933
SIM-0075,0,pothole,4330,-0.009798,-0.004459,0.956038,-5.480000,3.195065,2.277332
SIM-0075,0,pothole,4340,0.029891,-0.002530,0.970679,-6.320955,2.183267,1.928412
SIM-0075,0,pothole,4350,0.030019,-0.025975,0.963683,-3.270495,3.872440,2.081714
SIM-0075,0,pothole,4360,0.010629,-0.025808,0.985489,-5.028528,1.421564,0.129173
SIM-0075,0,pothole,4370,0.039882,-0.033963,0.966353,-3.650125,2.266156,2.570541
SIM-0075,0,pothole,4380,0.025913,-0.024536,0.944645,-2.994193,1.102835,1.734422
SIM-0075,0,pothole,4390,0.005300,-0.005526,1.044921,-4.644032,3.758473,4.985751
SIM-0075,0,pothole,4400,0.000717,-0.016580,1.035886,-3.366399,3.490383,2.062027
SIM-0075,0,pothole,4410,0.020669,-0.012723,1.000799,-4.547507,2.955280,1.363288
SIM-0075,0,pothole,4420,0.002075,-0.006404,1.035886,-4.388630,2.113387,5.354166
SIM-0075,0,pothole,4430,0.001985,-0.027875,1.032930,-4.418851,1.247421,0.513218
SIM-0075,0,pothole,4440,0.023774,0.007855,0.949936,-5.021588,2.708339,2.104135
SIM-0075,0,pothole,4450,0.021639,0.011938,0.982825,-4.111957,3.175279,2.339956
SIM-0075,0,pothole,4460,0.022531,-0.053184,0.960778,-2.162990,3.784363,2.603878
SIM-0075,0,pothole,4470,0.006110,-0.018095,0.965180,-4.650632,1.983128,5.789191
SIM-0075,0,pothole,4480,-0.034079,-0.016256,0.976266,-0.040223,4.074014,0.183474
SIM-0075,0,pothole,4490,0.008998,-0.020305,0.950166,-2.235113,0.311667,2.672650
SIM-0075,0,pothole,4500,0.016332,-0.015101,0.965868,0.338482,0.634354,2.068018
SIM-0075,0,pothole,4510,-0.020066,-0.050849,1.028532,-3.478600,2.281132,3.116592
SIM-0075,0,pothole,4520,-0.028883,-0.005450,1.029517,-1.301541,0.739206,2.856850
SIM-0075,0,pothole,4530,-0.038167,-0.015217,1.002605,-3.947135,-0.149762,5.254169
SIM-0075,0,pothole,4540,-0.047861,-0.045836,1.034063,-1.152293,4.184184,1.378769
SIM-0075,0,pothole,4550,0.004055,-0.019823,1.029846,-2.415055,2.959289,5.124002
SIM-0075,0,pothole,4560,-0.005876,-0.020901,1.043934,-2.086240,1.520006,0.690289
SIM-0075,0,pothole,4570,-0.013225,-0.054798,0.959018,-3.880790,1.564921,3.163350
SIM-0075,0,pothole,4580,0.009030,-0.000945,0.954011,-1.612808,2.299235,3.374394
SIM-0075,0,pothole,4590,-0.003150,-0.014519,0.970825,-2.101284,2.062234,3.922540
SIM-0075,0,pothole,4600,-0.015322,0.015592,0.967901,-0.316398,2.375079,2.669228
SIM-0075,0,pothole,4610,-0.012658,-0.039709,0.956965,-4.569201,3.992560,2.238528
SIM-0075,0,pothole,4620,0.000505,-0.029999,0.947071,0.360249,0.498913,3.286158
SIM-0075,0,pothole,4630,-0.031765,-0.069015,1.041335,-2.099696,1.612285,2.354382
SIM-0075,0,pothole,4640,0.003498,-0.054387,1.008933,0.488043,0.208821,2.875886
SIM-0075,0,pothole,4650,-0.022728,-0.030966,1.014758,-0.319587,2.174623,2.246331
SIM-0075,0,pothole,4660,0.011759,-0.071100,1.018839,-2.098139,2.015027,2.745688
SIM-0075,0,pothole,4670,-0.080668,-0.000130,0.999372,0.729854,1.339820,4.367703
SIM-0075,0,pothole,4680,-0.037346,-0.018369,1.049138,-1.295776,3.139097,3.723391
SIM-0075,0,pothole,4690,-0.058062,-0.030632,1.017321,1.219733,2.864109,3.645228
SIM-0075,0,pothole,4700,-0.005970,-0.039405,1.006351,-1.600416,2.836685,5.043287
SIM-0075,0,pothole,4710,-0.060896,-0.021510,0.964525,1.379433,2.074521,2.577666
SIM-0075,0,pothole,4720,-0.024304,-0.051067,0.956246,1.615660,3.534240,0.943926
SIM-0075,0,pothole,4730,-0.081364,-0.034150,0.938261,-1.097286,2.053498,4.624823
SIM-0075,0,pothole,4740,-0.044072,0.011563,1.017184,-0.149972,4.636366,4.550616
SIM-0075,0,pothole,4750,-0.030872,-0.021708,0.971640,2.450817,0.084939,2.341932
SIM-0075,0,pothole,4760,-0.040123,-0.024343,1.004279,2.310129,4.979714,3.557230
SIM-0075,0,pothole,4770,-0.053265,-0.010758,1.003755,3.518201,3.360971,4.838538
SIM-0075,0,pothole,4780,-0.023976,-0.041746,1.017099,0.170178,2.098434,6.816398
SIM-0075,0,pothole,4790,-0.039970,-0.075702,1.041793,0.107411,4.254483,2.819508
SIM-0075,0,pothole,4800,-0.031274,-0.018117,0.986381,2.638476,0.072135,4.571293
SIM-0075,0,pothole,4810,-0.070392,-0.043807,0.996421,2.802564,0.080351,3.674304
SIM-0075,0,pothole,4820,-0.028008,-0.056984,0.986449,0.753941,2.453602,6.732750
SIM-0075,0,pothole,4830,-0.064532,-0.018758,0.969773,2.117745,0.593146,4.392936
SIM-0075,0,pothole,4840,-0.006195,-0.038712,0.945102,-0.347545,0.213852,5.133319
SIM-0075,0,pothole,4850,-0.050080,-0.004492,0.961018,0.930617,2.151515,4.615003
SIM-0075,0,pothole,4860,-0.047136,0.012194,0.972364,0.732413,3.727563,1.626995
SIM-0075,0,pothole,4870,0.031393,0.005451,1.023580,2.480270,-0.173699,6.294462
SIM-0075,0,pothole,4880,-0.022752,-0.018713,1.021288,1.196325,1.823584,2.059125
SIM-0075,0,pothole,4890,-0.060070,-0.024574,0.979281,4.166812,-0.889877,6.621426
SIM-0075,0,pothole,4900,-0.020902,-0.019590,0.998017,2.357969,4.253632,5.517917
SIM-0075,0,pothole,4910,-0.035866,-0.051102,1.015851,2.446837,0.447378,2.639972
SIM-0075,0,pothole,4920,-0.044092,-0.029934,0.997712,2.463214,2.967405,7.491702
SIM-0075,0,pothole,4930,-0.022681,-0.026874,1.038374,0.703742,0.987650,2.737342
SIM-0075,0,pothole,4940,-0.033304,-0.048954,0.954825,-0.516157,1.792643,2.385487
SIM-0075,0,pothole,4950,-0.057557,-0.033112,0.991538,2.321055,1.317018,4.994794
SIM-0075,0,pothole,4960,0.000016,0.011033,0.916397,0.570202,-0.883976,6.286127
SIM-0075,0,pothole,4970,-0.023316,-0.009841,0.933289,1.817862,-0.520666,2.639375
SIM-0075,0,pothole,4980,-0.024915,-0.046021,0.984816,1.450252,2.388144,3.225112
SIM-0075,0,pothole,4990,0.002940,0.036541,0.995480,3.733473,2.962248,4.306430
SIM-0075,0,pothole,5000,-0.001706,-0.004016,0.962337,3.307849,-0.980383,3.481765
SIM-0075,0,pothole,5010,-0.031188,-0.004462,0.989746,5.318875,5.800277,6.056209
SIM-0075,0,pothole,5020,-0.022733,-0.020288,1.044074,3.951323,2.001756,6.193883
SIM-0075,0,pothole,5030,-0.003761,-0.049086,1.018989,1.520740,5.036450,7.008240
SIM-0075,0,pothole,5040,0.011785,-0.028938,1.013723,4.137157,-1.089565,5.652349
SIM-0075,0,pothole,5050,-0.045290,-0.010264,1.021958,5.718444,-1.143409,5.033756
SIM-0075,0,pothole,5060,-0.023999,-0.018396,0.953050,1.858162,3.448811,5.166042
SIM-0075,0,pothole,5070,-0.011434,-0.004372,0.971197,5.638467,1.404950,2.138190
SIM-0075,0,pothole,5080,-0.034185,0.014493,0.955889,3.844168,11.331561,1.649079
SIM-0075,0,pothole,5090,0.006341,-0.016253,0.972121,2.396330,33.354551,4.457240
SIM-0075,0,pothole,5100,-0.041059,0.030242,0.956771,4.596381,57.696965,4.961862
SIM-0075,0,pothole,5110,-0.020203,-0.027841,0.987573,4.746379,76.045572,6.462679
SIM-0075,0,pothole,5120,-0.060767,-0.004757,0.985180,6.501897,86.134069,2.994964
SIM-0075,0,pothole,5130,-0.029180,-0.030434,1.011763,4.646668,93.461657,4.729037
SIM-0075,0,pothole,5140,-0.067178,-0.007241,1.078404,3.073362,96.355232,6.065516
SIM-0075,0,pothole,5150,-0.100552,-0.009220,1.258167,5.798809,88.764852,3.535920
SIM-0075,0,pothole,5160,-0.098890,0.008100,1.610562,5.282601,82.631591,2.747966
SIM-0075,0,pothole,5170,-0.139175,-0.031349,2.056007,2.544140,70.762479,5.714834
SIM-0075,0,pothole,5180,-0.115911,0.009808,2.631289,4.011250,48.667542,4.226522
SIM-0075,0,pothole,5190,-0.127835,0.009734,3.091133,6.482856,23.366130,6.715898
SIM-0075,0,pothole,5200,-0.165613,0.008892,3.175216,6.360140,7.552601,5.746764
SIM-0075,0,pothole,5210,-0.161334,0.006613,2.912422,4.337045,2.211510,3.086348
SIM-0075,0,pothole,5220,-0.114087,0.014875,2.300976,6.035921,-3.403483,4.445931
SIM-0075,0,pothole,5230,-0.132394,0.009815,1.663251,7.821990,-10.325336,5.472327
SIM-0075,0,pothole,5240,-0.120133,0.018053,1.205488,6.352016,-18.014568,2.441526
SIM-0075,0,pothole,5250,-0.116039,0.024503,0.841199,5.184991,-20.770576,5.301509
SIM-0075,0,pothole,5260,-0.148725,-0.036136,0.728009,6.017547,-25.860468,4.818023
SIM-0075,0,pothole,5270,-0.139460,0.033229,0.672987,6.061013,-34.748971,2.596557
SIM-0075,0,pothole,5280,-0.109323,-0.011654,0.615641,6.514037,-39.000435,4.250665
SIM-0075,0,pothole,5290,-0.093274,-0.009456,0.575199,4.765873,-40.600048,5.334429
SIM-0075,0,pothole,5300,-0.079019,0.006094,0.524349,6.079183,-44.334145,6.137081
SIM-0075,0,pothole,5310,-0.077845,0.060784,0.548960,4.996109,-47.501519,3.310426
SIM-0075,0,pothole,5320,-0.086265,0.001904,0.557672,5.512337,-46.821762,8.234685
SIM-0075,0,pothole,5330,-0.077415,0.032567,0.554046,8.420183,-46.620599,7.151845
SIM-0075,0,pothole,5340,-0.057216,0.001437,0.622585,4.993165,-45.979957,5.192617
SIM-0075,0,pothole,5350,-0.057727,0.007230,0.680550,5.287759,-48.488337,7.565774
SIM-0075,0,pothole,5360,-0.042071,-0.019490,0.678253,4.593892,-45.355895,5.027775
SIM-0075,0,pothole,5370,-0.048427,-0.007431,0.756690,6.489600,-44.296967,5.709669
SIM-0075,0,pothole,5380,-0.043850,0.008097,0.854452,6.419271,-38.811517,4.582951
SIM-0075,0,pothole,5390,-0.046548,0.006698,0.832196,4.033217,-37.776696,4.686691
SIM-0075,0,pothole,5400,-0.028036,-0.002375,0.958728,4.188913,-34.962094,3.557992
SIM-0075,0,pothole,5410,-0.055014,0.012844,0.882741,5.275489,-30.635865,6.050825
SIM-0075,0,pothole,5420,-0.041082,0.005998,0.953471,5.793363,-19.874459,4.305460
SIM-0075,0,pothole,5430,-0.013323,0.017818,0.979351,4.894291,-13.874651,5.618145
SIM-0075,0,pothole,5440,-0.015818,0.029512,0.997228,6.323723,-8.466698,3.976152
SIM-0075,0,pothole,5450,-0.007987,0.017114,0.971794,4.510418,-3.875343,4.568743
SIM-0075,0,pothole,5460,-0.024148,0.007750,0.966225,2.619773,-1.688475,4.166494
SIM-0075,0,pothole,5470,-0.028302,0.039362,0.955384,4.790005,2.530118,3.922856
SIM-0075,0,pothole,5480,-0.048596,0.008845,0.945080,5.714903,2.060084,4.751703
SIM-0075,0,pothole,5490,-0.038164,0.038361,0.957005,3.701538,-0.769957,3.548200
SIM-0075,0,pothole,5500,-0.039947,0.032868,1.000082,5.387972,-2.726248,2.838926
SIM-0075,0,pothole,5510,-0.024164,0.012221,0.989378,3.826338,0.613727,3.592978
SIM-0075,0,pothole,5520,-0.037487,-0.009186,1.031252,3.372089,-1.674102,5.622918
SIM-0075,0,pothole,5530,-0.060576,0.043743,1.036627,-0.166454,-1.726612,5.419159
SIM-0075,0,pothole,5540,-0.032214,0.057066,1.034128,6.116562,0.716492,6.120175
SIM-0075,0,pothole,5550,-0.034668,0.032929,1.004040,3.874715,-0.341950,5.127666
SIM-0075,0,pothole,5560,-0.029976,0.026059,1.036357,3.135010,-0.414047,5.745907
SIM-0075,0,pothole,5570,-0.019501,0.023733,1.018477,4.036214,3.295927,7.067862
SIM-0075,0,pothole,5580,-0.057535,0.013382,0.948757,5.425199,0.069605,3.738900
SIM-0075,0,pothole,5590,-0.052549,0.038173,0.980276,5.686340,-0.580269,6.080967
SIM-0075,0,pothole,5600,-0.044494,0.052825,0.967836,6.384519,-1.516877,6.138320
SIM-0075,0,pothole,5610,-0.004675,0.017783,0.980787,2.596192,0.815066,7.716355
SIM-0075,0,pothole,5620,-0.001142,0.050954,0.955108,0.212110,0.833457,7.095986
SIM-0075,0,pothole,5630,-0.070233,0.035074,0.997463,6.352013,-1.187631,5.036073
SIM-0075,0,pothole,5640,-0.036387,0.056578,1.023392,6.427599,-0.679819,5.954815
SIM-0075,0,pothole,5650,-0.031659,0.040052,1.013706,3.387123,-0.976862,6.852638
SIM-0075,0,pothole,5660,-0.049833,0.067980,1.038877,2.400212,1.277040,6.014049
SIM-0075,0,pothole,5670,-0.049731,0.060257,1.032205,2.429274,1.665304,4.760853
SIM-0075,0,pothole,5680,-0.074883,0.009507,1.018527,0.537771,1.733139,1.564412
SIM-0075,0,pothole,5690,-0.034338,0.051511,0.976657,1.247905,0.773403,7.357529
SIM-0075,0,pothole,5700,-0.066957,0.061809,0.995790,1.285281,0.399552,4.049673
SIM-0075,0,pothole,5710,-0.036117,0.093390,0.976539,3.441427,2.309805,6.426821
SIM-0075,0,pothole,5720,-0.048074,0.070089,0.956251,1.322192,0.709358,3.769079
SIM-0075,0,pothole,5730,-0.077198,0.036349,0.986829,0.318587,1.364985,6.321851
SIM-0075,0,pothole,5740,-0.013602,0.095428,0.971757,1.138285,-3.231089,3.688749
SIM-0075,0,pothole,5750,-0.024165,0.039473,0.970377,0.614398,-0.008011,4.368905
SIM-0075,0,pothole,5760,-0.027155,0.042572,0.996593,3.535476,0.459441,5.696494
SIM-0075,0,pothole,5770,-0.022640,0.088480,1.048596,1.755737,-0.949744,4.633579
SIM-0075,0,pothole,5780,-0.030171,0.018820,1.020383,3.308531,-0.159596,3.788742
SIM-0075,0,pothole,5790,-0.055349,0.040693,0.996077,-0.242208,-0.551708,4.407486
SIM-0075,0,pothole,5800,-0.032455,0.041266,0.985195,1.895069,0.957562,5.780578
SIM-0075,0,pothole,5810,-0.049595,0.057343,1.003286,0.568146,-3.028675,2.372274
SIM-0075,0,pothole,5820,-0.016946,0.044437,0.971195,-0.298371,0.620102,4.444780
SIM-0075,0,pothole,5830,-0.039598,0.020397,0.983167,0.756883,-1.985764,6.871396
SIM-0075,0,pothole,5840,-0.032277,0.059575,0.942968,0.809498,-0.478450,4.025472
SIM-0075,0,pothole,5850,-0.000390,0.021718,0.934802,-1.060790,-4.069873,3.702813
SIM-0075,0,pothole,5860,-0.010312,0.031605,0.988066,0.835811,-1.597327,3.157636
SIM-0075,0,pothole,5870,-0.032182,0.080328,0.974080,-2.070017,-3.129289,6.584767
SIM-0075,0,pothole,5880,-0.004619,0.050490,0.999676,-0.522327,-0.385239,3.013488
SIM-0075,0,pothole,5890,-0.001913,0.035057,1.007908,1.143818,-0.770762,3.800315
SIM-0075,0,pothole,5900,-0.065564,0.015330,1.050947,-1.218290,1.103694,4.595745
SIM-0075,0,pothole,5910,-0.003513,0.024812,1.012687,-1.257113,-0.714538,5.857905
SIM-0075,0,pothole,5920,-0.000509,0.080941,1.025221,-2.616683,-1.337863,2.065626
SIM-0075,0,pothole,5930,0.017473,0.068198,0.993867,0.682814,-3.285356,4.341122
SIM-0075,0,pothole,5940,0.003658,0.060164,0.971625,-1.776808,-3.175817,3.195198
SIM-0075,0,pothole,5950,-0.011865,0.053005,0.981760,-2.092363,-4.595435,2.766168
SIM-0075,0,pothole,5960,0.007775,0.052279,0.958642,-2.772258,-1.886330,4.243336
SIM-0075,0,pothole,5970,0.015662,0.026856,0.999336,0.070017,-1.796057,6.550687
SIM-0075,0,pothole,5980,0.015417,0.003156,0.965884,-2.344479,1.002661,5.996691
SIM-0075,0,pothole,5990,-0.019504,0.048109,0.979824,-2.210793,0.611223,4.830635
SIM-0075,0,pothole,6000,0.024343,0.051449,1.024268,2.854355,-0.645038,5.831727
SIM-0075,0,pothole,6010,0.040704,0.051132,1.037198,-0.448409,-4.562998,4.074734
SIM-0075,0,pothole,6020,0.034653,0.069192,1.044686,-0.898097,0.112480,5.948844
SIM-0075,0,pothole,6030,0.039860,0.024529,1.034478,-0.935670,0.153399,4.665348
SIM-0075,0,pothole,6040,-0.003916,0.038950,1.018210,-1.349173,-0.468981,3.741284
SIM-0075,0,pothole,6050,0.030324,0.052286,1.010627,-1.812199,-0.959736,4.009920
SIM-0075,0,pothole,6060,0.029436,0.024449,0.968570,-5.193077,0.610542,6.339675
SIM-0075,0,pothole,6070,0.026681,0.018565,0.947392,-2.978033,-1.893172,3.447804
SIM-0075,0,pothole,6080,-0.005891,0.083759,0.968237,-2.217349,-0.025372,3.833680
SIM-0075,0,pothole,6090,0.001104,0.049919,0.956948,-2.578122,-3.436872,2.585221
SIM-0075,0,pothole,6100,0.044630,0.074950,0.941916,-1.433291,1.488059,6.597144
SIM-0075,0,pothole,6110,0.019480,0.063702,0.947921,-4.977115,-0.981922,3.855228
SIM-0075,0,pothole,6120,0.004683,0.061909,0.975891,-1.873365,0.044432,5.714874
SIM-0075,0,pothole,6130,0.013034,0.047960,1.004585,-0.171574,-1.716538,0.920767
SIM-0075,0,pothole,6140,0.005892,0.050682,0.998944,-3.856849,-1.620695,2.763898
SIM-0075,0,pothole,6150,0.015056,0.045451,1.025731,-3.073371,-2.067671,5.767261
SIM-0075,0,pothole,6160,0.035315,0.037720,1.036896,-3.919749,-2.161039,4.661524
SIM-0075,0,pothole,6170,-0.007077,0.068568,1.047879,-1.436187,-1.654407,5.880719
SIM-0075,0,pothole,6180,0.022688,0.051130,0.972563,-2.878878,-3.277615,5.596876
SIM-0075,0,pothole,6190,-0.003601,0.033161,0.993098,-2.090751,-1.145624,4.066464
SIM-0075,0,pothole,6200,-0.030362,0.048945,0.955997,-2.348856,-1.669047,3.598542
SIM-0075,0,pothole,6210,-0.019831,0.018577,0.947392,-6.342774,1.207881,1.177357
SIM-0075,0,pothole,6220,-0.007502,0.068340,0.977359,-2.607973,-0.725683,4.364944
SIM-0075,0,pothole,6230,0.004961,0.023510,0.984095,-4.588708,-1.328924,3.840975
SIM-0075,0,pothole,6240,-0.016194,0.051505,0.989490,-1.857258,-2.059161,5.051502
SIM-0075,0,pothole,6250,0.002717,0.036153,0.994705,-3.570365,-1.179424,3.746693
SIM-0075,0,pothole,6260,-0.037230,0.013885,0.985120,-0.608392,2.853663,4.064095
SIM-0075,0,pothole,6270,0.009593,0.076337,1.015234,-5.327551,2.146483,3.102704
SIM-0075,0,pothole,6280,-0.010799,0.024807,1.028935,-4.009239,-2.674374,1.411089
SIM-0075,0,pothole,6290,-0.009920,0.032882,1.005257,-3.605210,-3.632318,1.667711
SIM-0075,0,pothole,6300,-0.014956,0.064220,1.036835,-6.968889,-3.093442,7.909962
SIM-0075,0,pothole,6310,-0.027731,0.003600,1.016963,-4.791849,0.627050,4.002493
SIM-0075,0,pothole,6320,-0.015044,0.081560,1.035411,-5.830546,-1.333292,4.911540
SIM-0075,0,pothole,6330,0.014911,0.069025,0.978820,-3.430280,2.138977,4.564859
SIM-0075,0,pothole,6340,-0.061220,0.073363,0.960744,-6.309353,-0.265295,6.827874
SIM-0075,0,pothole,6350,-0.022291,0.040509,0.932057,-6.862483,0.164530,1.174153
SIM-0075,0,pothole,6360,-0.058415,0.040594,0.968376,-4.725965,1.974520,5.787840
SIM-0075,0,pothole,6370,-0.009195,0.009229,1.029318,-4.412734,-0.864172,5.647899
SIM-0075,0,pothole,6380,-0.025483,0.042319,1.022346,-6.687951,-1.532127,4.277068
SIM-0075,0,pothole,6390,-0.018484,-0.016815,1.041187,-4.475344,-3.409852,3.794702
SIM-0075,0,pothole,6400,-0.028414,-0.000720,1.019218,-5.435691,-1.695061,3.899532
SIM-0075,0,pothole,6410,0.005195,0.020306,1.028477,-3.540477,-2.194510,3.219745
SIM-0075,0,pothole,6420,0.008044,0.074746,1.020663,-4.254238,1.214703,3.501180
SIM-0075,0,pothole,6430,-0.031637,0.044273,1.031916,-6.939450,-1.952028,5.804351
SIM-0075,0,pothole,6440,-0.017993,-0.010633,0.947155,-7.271872,-1.697254,3.951945
SIM-0075,0,pothole,6450,-0.019150,0.011025,0.963056,-7.340483,-2.197839,2.694825
SIM-0075,0,pothole,6460,-0.019811,0.020221,0.973397,-6.374372,-1.036697,-0.739739
SIM-0075,0,pothole,6470,-0.053804,0.032995,0.958336,-10.152296,0.066186,2.415572
SIM-0075,0,pothole,6480,-0.025749,0.038044,0.966656,-7.227496,-0.747947,4.733720
SIM-0075,0,pothole,6490,-0.023888,0.062842,0.955351,-5.163522,0.507567,-0.519028
SIM-0075,0,pothole,6500,-0.023846,0.094006,0.966131,-7.120336,-3.714274,5.302734
SIM-0075,0,pothole,6510,-0.004436,-0.003243,1.018565,-6.183108,0.334635,3.842058
SIM-0075,0,pothole,6520,-0.038497,0.062119,1.045593,-9.382118,-0.278513,2.893297
SIM-0075,0,pothole,6530,-0.035512,0.036922,1.045160,-4.887830,-2.520319,3.064553
SIM-0075,0,pothole,6540,0.017031,-0.014135,1.020722,-5.259584,-1.146767,2.823937
SIM-0075,0,pothole,6550,-0.006539,0.004580,0.980796,-6.170846,-0.835577,4.446575
SIM-0075,0,pothole,6560,-0.007214,-0.028221,0.985746,-6.310361,-2.236635,4.157422
SIM-0075,0,pothole,6570,-0.011876,0.055033,0.978747,-6.931117,-2.974778,2.009494
SIM-0075,0,pothole,6580,-0.005593,0.036786,0.995162,-6.633171,-2.185505,4.689190
SIM-0075,0,pothole,6590,0.020980,-0.015430,0.997339,-6.955449,0.251090,2.245892
SIM-0075,0,pothole,6600,0.006767,0.026774,0.914935,-4.708504,-2.557550,4.083156
SIM-0075,0,pothole,6610,0.033238,-0.005412,0.982257,-9.447556,-0.765856,2.856910
SIM-0075,0,pothole,6620,0.029160,0.011814,1.001954,-7.205494,0.611755,1.852757
SIM-0075,0,pothole,6630,0.003336,0.026551,0.995529,-8.801339,0.523819,4.552614
SIM-0075,0,pothole,6640,-0.011179,-0.016627,1.068205,-5.831875,1.451217,3.597576
SIM-0075,0,pothole,6650,0.013001,0.030429,1.031031,-4.933683,-0.375822,4.723920
SIM-0075,0,pothole,6660,-0.006680,-0.018885,1.049100,-9.166319,0.953233,3.682183
SIM-0075,0,pothole,6670,0.049306,0.018757,1.024537,-8.299980,-2.188286,-0.107596
SIM-0075,0,pothole,6680,0.017965,-0.003895,1.015176,-6.890619,-3.880270,2.942635
SIM-0075,0,pothole,6690,0.024964,-0.023770,0.983106,-7.306691,0.232341,3.571634
SIM-0075,0,pothole,6700,0.053494,0.023080,0.999716,-6.476647,-0.779501,1.452502
SIM-0075,0,pothole,6710,0.018860,-0.025887,0.998219,-8.651990,-1.484060,-0.796382
SIM-0075,0,pothole,6720,0.054085,0.016046,0.945192,-4.631063,-1.193018,0.706716
SIM-0075,0,pothole,6730,-0.006648,-0.020434,0.953080,-9.536336,-4.656354,1.624951
SIM-0075,0,pothole,6740,0.023799,-0.013698,0.981652,-8.449165,-1.646384,1.997925
SIM-0075,0,pothole,6750,-0.006119,0.016908,0.992951,-8.156703,-1.060622,2.518407
SIM-0075,0,pothole,6760,0.054270,-0.012030,1.020485,-4.994923,-0.223244,1.915743
SIM-0075,0,pothole,6770,0.006760,0.014198,1.029355,-5.399041,0.016283,2.666037
SIM-0075,0,pothole,6780,0.016575,-0.027336,0.981936,-8.369756,-1.513263,0.772215
SIM-0075,0,pothole,6790,0.044363,-0.000747,1.020992,-5.770008,-1.268884,5.044414
SIM-0075,0,pothole,6800,0.077360,0.029770,1.004542,-7.341914,-1.045833,3.757198
SIM-0075,0,pothole,6810,0.041737,-0.018003,0.962840,-7.805517,-2.472983,0.365550
SIM-0075,0,pothole,6820,0.053708,0.008196,1.009604,-6.351147,-0.412718,2.149237
SIM-0075,0,pothole,6830,0.053872,-0.017155,0.954597,-7.323214,-1.488502,1.952363
SIM-0075,0,pothole,6840,0.058193,-0.034480,0.977026,-5.805573,0.512796,3.203346
SIM-0075,0,pothole,6850,0.038718,-0.020835,0.937122,-6.478237,0.313003,3.757849
SIM-0075,0,pothole,6860,0.028038,0.010161,0.970402,-4.040940,0.049015,-0.507771
SIM-0075,0,pothole,6870,0.048264,0.023222,0.947759,-4.683748,-1.348789,3.445109
SIM-0075,0,pothole,6880,0.020111,0.005579,0.993101,-5.039489,-0.538366,1.208390
SIM-0075,0,pothole,6890,0.033601,-0.012280,0.993662,-3.015189,-0.655452,0.998999
SIM-0075,0,pothole,6900,0.051509,-0.010549,1.031408,-6.210775,0.835058,2.198869
SIM-0075,0,pothole,6910,0.025150,-0.024219,0.969481,-6.696651,1.276892,3.021470
SIM-0075,0,pothole,6920,0.009693,0.002800,1.009682,-5.166413,-0.931399,5.671715
SIM-0075,0,pothole,6930,0.020077,0.006892,1.000700,-4.622276,0.247935,4.843033
SIM-0075,0,pothole,6940,0.031057,-0.015203,0.999666,-4.025638,0.474007,-0.224866
SIM-0075,0,pothole,6950,0.004485,-0.020846,0.981567,-5.894355,-1.808773,0.437105
SIM-0075,0,pothole,6960,0.032297,-0.021603,0.975077,-3.774933,-1.700474,-0.931211
SIM-0075,0,pothole,6970,-0.007793,-0.051830,0.944124,-5.200408,1.174570,3.249852
SIM-0075,0,pothole,6980,0.047404,-0.003130,0.997404,-1.671986,-2.631284,-0.782292
SIM-0075,0,pothole,6990,0.023873,-0.027357,0.987225,-4.866912,-3.482198,3.394148
SIM-0075,0,pothole,7000,0.040700,-0.023874,0.987470,-7.562528,-1.523037,-0.033309
SIM-0075,0,pothole,7010,0.045744,0.004486,1.036148,-3.380992,-0.317969,2.830443
SIM-0075,0,pothole,7020,-0.004310,0.004754,1.043567,-7.430601,1.585311,0.873940
SIM-0075,0,pothole,7030,0.044978,0.000917,1.037662,-3.990584,-1.586822,1.784107
SIM-0075,0,pothole,7040,0.030404,-0.020843,1.010880,-4.221857,1.041267,0.366107
SIM-0075,0,pothole,7050,0.058831,-0.006377,0.974033,-1.756457,0.027875,0.281140
SIM-0075,0,pothole,7060,0.081419,-0.041680,0.970577,-6.015197,-1.506217,-0.593458
SIM-0075,0,pothole,7070,0.037727,-0.038525,0.978562,-1.801080,0.138840,0.857438
SIM-0075,0,pothole,7080,0.016102,-0.010168,0.986134,-5.443515,-2.042424,1.746958
SIM-0075,0,pothole,7090,0.065366,-0.002711,0.974067,-4.641001,-2.488269,0.073466
SIM-0075,0,pothole,7100,0.022018,-0.021277,0.967368,-6.449382,-0.666443,-1.289562
SIM-0075,0,pothole,7110,-0.007825,-0.038809,0.934714,-3.600404,-2.225236,0.137216
SIM-0075,0,pothole,7120,-0.000901,0.027698,1.022052,1.221410,-0.789790,2.018658
SIM-0075,0,pothole,7130,0.001530,-0.024619,1.033896,-2.376415,-2.601602,-1.250563
SIM-0075,0,pothole,7140,0.027934,-0.057858,1.015765,-3.390987,-2.240379,-0.656820
SIM-0075,0,pothole,7150,0.022166,-0.053832,1.060992,-3.320365,0.042930,1.326640
SIM-0075,0,pothole,7160,0.004554,-0.026073,1.036782,-2.636444,1.365850,-1.339750
SIM-0075,0,pothole,7170,0.008087,-0.010585,0.999387,-3.396624,-1.907167,2.340401
SIM-0075,0,pothole,7180,0.042391,0.002196,0.962323,-1.390249,-0.099651,1.370543
SIM-0075,0,pothole,7190,0.000290,-0.030222,0.979799,-4.462577,0.034376,-0.478314
SIM-0075,0,pothole,7200,-0.019615,-0.049379,0.962602,-3.784943,-0.883722,-1.765647
SIM-0075,0,pothole,7210,-0.005007,-0.028614,0.938511,-4.295827,-0.569983,1.645626
SIM-0075,0,pothole,7220,0.020501,-0.054090,0.981083,-3.685176,0.686977,0.031001
SIM-0075,0,pothole,7230,0.024286,-0.052624,0.956907,-3.974323,0.630604,-0.301382
SIM-0075,0,pothole,7240,-0.001848,-0.026046,0.955083,0.144641,0.520448,4.879085
SIM-0075,0,pothole,7250,-0.016460,-0.074963,0.974295,0.829664,-2.681427,2.243935
SIM-0075,0,pothole,7260,-0.007952,-0.024711,0.978394,-2.040041,1.981128,-0.377160
SIM-0075,0,pothole,7270,-0.013305,-0.034247,1.028906,-2.466872,-0.194784,1.507956
SIM-0075,0,pothole,7280,-0.025803,-0.025250,1.057314,-2.628524,0.202026,-0.341309
SIM-0075,0,pothole,7290,-0.012086,-0.008735,0.968576,-1.748710,0.217827,0.951292
SIM-0075,0,pothole,7300,0.028636,-0.053653,0.990504,-1.859089,1.491401,3.838780
SIM-0075,0,pothole,7310,0.030158,-0.060855,1.006862,-2.435750,0.446232,1.679733
SIM-0075,0,pothole,7320,-0.000577,-0.032343,0.985480,-2.813502,0.151944,2.157941
SIM-0075,0,pothole,7330,-0.017969,-0.053340,0.920217,-2.557664,-0.455639,1.695069
SIM-0075,0,pothole,7340,-0.013980,-0.033049,0.947977,-3.395534,0.034467,-0.006322
SIM-0075,0,pothole,7350,0.016042,-0.029216,0.943577,-2.643595,-2.218539,-0.391096
SIM-0075,0,pothole,7360,0.000771,-0.049230,0.921223,-0.249194,1.240472,0.465537
SIM-0075,0,pothole,7370,0.030523,-0.049374,1.005617,1.065441,-0.910727,-0.680310
SIM-0075,0,pothole,7380,-0.008845,-0.032671,1.003526,-1.265561,-0.752009,1.244976
SIM-0075,0,pothole,7390,0.005261,-0.067007,1.024996,0.902869,1.334957,0.359304
SIM-0075,0,pothole,7400,0.023316,-0.012889,1.066717,0.038096,0.135274,-1.550132
SIM-0075,0,pothole,7410,0.020603,-0.049968,1.057015,0.919802,-0.730315,0.515957
SIM-0075,0,pothole,7420,0.037287,-0.075877,0.982117,-0.557030,0.560200,1.750640
SIM-0075,0,pothole,7430,0.009657,-0.025810,0.984261,0.924429,1.146088,0.774086
SIM-0075,0,pothole,7440,-0.007126,-0.021230,0.974157,-0.521453,-2.650665,1.332779
SIM-0075,0,pothole,7450,-0.024156,-0.060892,1.021126,-1.981866,2.683046,1.262486
SIM-0075,0,pothole,7460,0.042607,-0.040892,0.978704,-2.281902,-1.334149,-0.909250
SIM-0075,0,pothole,7470,0.051437,-0.045029,0.975219,2.604660,2.115358,0.823768
SIM-0075,0,pothole,7480,0.013102,-0.088047,0.988195,2.676422,-0.732217,0.067769
SIM-0075,0,pothole,7490,0.045950,-0.063487,0.995263,0.861745,1.611892,-2.183185
SIM-0075,0,pothole,7500,0.049170,-0.040189,0.985983,0.469477,1.089175,0.668451
SIM-0075,0,pothole,7510,0.069809,-0.012576,0.986663,-1.095186,1.078055,-1.340011
SIM-0075,0,pothole,7520,0.042702,-0.018189,1.057487,2.716938,0.568274,1.247511
SIM-0075,0,pothole,7530,0.062343,0.014497,1.088773,2.808757,2.618609,-0.217721
SIM-0075,0,pothole,7540,0.021105,-0.038776,1.000520,0.952028,1.293737,0.039578
SIM-0075,0,pothole,7550,0.019245,-0.041831,1.010160,-0.192394,1.170779,0.418550
SIM-0075,0,pothole,7560,-0.016818,0.010459,1.009306,3.847841,-3.104187,-2.777365
SIM-0075,0,pothole,7570,0.029686,-0.030387,0.985158,1.810708,-0.357197,-1.869465
SIM-0075,0,pothole,7580,0.017640,-0.028017,0.913725,1.555440,1.002433,1.245536
SIM-0075,0,pothole,7590,0.000130,-0.056643,0.953175,1.434363,1.340352,1.034042
SIM-0075,0,pothole,7600,0.016361,-0.033223,0.926890,4.500027,1.890453,0.113233
SIM-0075,0,pothole,7610,0.014629,-0.008144,1.005346,2.868230,1.862417,-2.456076
SIM-0075,0,pothole,7620,0.014323,-0.021697,0.968564,2.921592,2.368529,-0.515594
SIM-0075,0,pothole,7630,0.031456,-0.009450,1.028159,2.452233,-0.503012,-0.509562
SIM-0075,0,pothole,7640,0.029455,-0.040704,1.010400,2.732638,1.780056,0.615084
SIM-0075,0,pothole,7650,0.032617,-0.012371,0.978290,5.726434,0.270310,2.435364
SIM-0075,0,pothole,7660,0.077815,-0.017750,1.021387,2.974427,0.641370,-1.629515
SIM-0075,0,pothole,7670,0.054931,-0.027245,1.029219,0.300596,1.607166,-1.151657
SIM-0075,0,pothole,7680,0.037031,-0.058061,1.070798,3.873986,2.295480,-2.770884
SIM-0075,0,pothole,7690,0.048125,-0.057749,0.993571,3.899011,1.912563,-0.306919
SIM-0075,0,pothole,7700,0.046892,-0.001502,0.978116,4.646639,-0.893971,-2.806595
SIM-0075,0,pothole,7710,0.038564,-0.000119,0.968766,7.646997,2.361158,-0.960660
SIM-0075,0,pothole,7720,0.084687,0.002410,0.963609,3.438808,-0.262248,-1.377918
SIM-0075,0,pothole,7730,0.036194,-0.026099,0.921498,4.011642,1.480135,-0.513057
SIM-0075,0,pothole,7740,0.020466,0.007341,1.007250,5.855825,2.171645,-2.821615
SIM-0075,0,pothole,7750,0.058098,-0.009684,1.015872,5.188209,1.209990,-0.695516
SIM-0075,0,pothole,7760,0.022626,-0.004912,0.980061,3.920150,1.807788,-0.199561
SIM-0075,0,pothole,7770,0.045228,0.010576,1.042540,4.508755,-0.102679,-0.534065
SIM-0075,0,pothole,7780,0.042242,0.017169,1.038376,1.209776,3.069283,-0.241157
SIM-0075,0,pothole,7790,0.046453,0.010379,1.024255,4.120132,0.562369,-0.622701
SIM-0075,0,pothole,7800,0.050498,0.009580,1.002217,4.123000,3.482288,-0.783942
SIM-0075,0,pothole,7810,0.050230,-0.004860,1.029193,3.207392,3.097236,0.837712
SIM-0075,0,pothole,7820,0.080467,-0.021032,0.933988,4.357173,1.800172,-1.116134
SIM-0075,0,pothole,7830,0.030582,0.017635,0.956088,4.053327,0.044011,-2.926375
SIM-0075,0,pothole,7840,0.048688,0.023300,0.942324,7.727342,1.401145,-0.621181
SIM-0075,0,pothole,7850,0.031517,0.017431,0.940253,3.846235,1.415655,-1.796726
SIM-0075,0,pothole,7860,0.085681,0.001853,0.988637,3.859417,1.998354,-2.523436
SIM-0075,0,pothole,7870,0.023309,-0.018186,1.022286,3.472124,2.674833,-0.378247
SIM-0075,0,pothole,7880,0.022616,-0.013907,0.978918,3.385213,-0.858474,-3.921326
SIM-0075,0,pothole,7890,0.020889,-0.019982,1.002453,5.935382,0.927014,0.204837
SIM-0075,0,pothole,7900,0.059944,0.009672,1.061904,5.748496,1.653334,1.265332
SIM-0075,0,pothole,7910,0.024202,0.002568,1.033632,5.508388,1.591567,-4.034871
SIM-0075,0,pothole,7920,0.058024,0.002314,1.037067,1.552133,0.914914,-0.292111
SIM-0075,0,pothole,7930,0.029717,0.009176,1.005704,3.701337,3.507027,0.940288
SIM-0075,0,pothole,7940,0.025435,0.019658,0.987792,6.886697,3.296417,-0.393922
SIM-0075,0,pothole,7950,0.003576,0.011867,0.950184,3.096049,-0.521919,-2.934802
SIM-0075,0,pothole,7960,0.006652,0.007461,0.963863,2.791659,4.119096,-3.727080
SIM-0075,0,pothole,7970,-0.027113,0.007689,0.986322,3.457573,4.703151,-2.706568
SIM-0075,0,pothole,7980,0.007891,-0.021048,0.983246,4.566862,-0.053356,-2.601990
SIM-0075,0,pothole,7990,0.021023,0.047311,1.001396,4.407895,-0.263925,-0.282962
SIM-0075,0,pothole,8000,0.011368,0.040783,0.983308,3.037775,3.332122,-2.274045
SIM-0075,0,pothole,8010,0.013975,0.078732,1.007050,5.343344,-0.575678,0.630755
SIM-0075,0,pothole,8020,0.002579,0.066379,0.995370,5.543897,-0.148219,0.291506
SIM-0075,0,pothole,8030,0.002501,0.019739,1.035341,3.613823,0.684644,-2.422640
SIM-0075,0,pothole,8040,0.001531,0.042302,0.980312,4.435032,1.935969,0.735494
SIM-0075,0,pothole,8050,-0.022566,0.048078,1.059474,4.382012,0.557009,-0.338873
SIM-0075,0,pothole,8060,0.022930,0.007325,0.980538,4.978933,2.006503,0.766600
SIM-0075,0,pothole,8070,0.036563,0.030746,0.989654,6.395898,1.648099,-0.981147
SIM-0075,0,pothole,8080,-0.022324,0.024291,0.987241,5.788707,2.579710,-2.891710
SIM-0075,0,pothole,8090,0.023399,0.038671,0.914427,4.638629,1.600262,0.273373
SIM-0075,0,pothole,8100,-0.009742,0.027029,0.964888,4.797602,2.279236,-1.850603
SIM-0075,0,pothole,8110,-0.006303,0.027993,0.954525,6.375446,4.030714,-2.575988
SIM-0075,0,pothole,8120,-0.021803,0.057509,1.017871,3.756935,1.013362,-4.077381
SIM-0075,0,pothole,8130,-0.024029,0.033503,1.005959,3.715067,3.051158,-0.317941
SIM-0075,0,pothole,8140,0.012700,0.067798,1.037919,6.628435,3.964010,-1.802760
SIM-0075,0,pothole,8150,-0.023540,0.040046,1.010279,5.540970,2.440160,-1.343048
SIM-0075,0,pothole,8160,-0.005846,0.043959,1.040298,5.852595,3.341456,-1.516457
SIM-0075,0,pothole,8170,0.039982,0.046499,1.039403,4.367259,3.210747,-0.918911
SIM-0075,0,pothole,8180,0.035343,0.050418,1.015015,2.625634,0.855309,-3.024231
SIM-0075,0,pothole,8190,-0.009910,0.026052,1.000914,5.864033,3.503370,-2.191038
SIM-0075,0,pothole,8200,-0.000377,0.021533,0.970120,3.856895,1.135750,-1.573162
SIM-0075,0,pothole,8210,0.005283,0.003634,0.962400,2.813713,2.926060,-3.132516
SIM-0075,0,pothole,8220,-0.017096,0.052958,0.958964,0.519505,3.131458,-3.119149
SIM-0075,0,pothole,8230,0.025016,0.013251,0.971908,5.139897,2.304863,-0.893681
SIM-0075,0,pothole,8240,-0.013124,0.040094,1.038298,4.495466,5.659287,-1.374479
SIM-0075,0,pothole,8250,0.011523,0.040649,0.985569,6.591863,0.151795,-1.829314
SIM-0075,0,pothole,8260,0.006912,0.028819,1.026491,4.034005,-0.625639,-1.648742
SIM-0075,0,pothole,8270,0.015781,0.080483,1.038020,5.332766,2.886763,-2.770109
SIM-0075,0,pothole,8280,0.000943,0.051597,1.029197,4.990244,4.217868,-0.317916
SIM-0075,0,pothole,8290,0.021806,0.049521,1.036809,1.469051,0.875152,1.781165
SIM-0075,0,pothole,8300,0.043270,0.023224,1.016955,1.935417,3.033283,-1.443623
SIM-0075,0,pothole,8310,0.006683,0.070775,0.995059,6.766028,2.814020,-1.575268
SIM-0075,0,pothole,8320,0.041628,0.038340,1.016281,3.541218,1.801390,-1.946983
SIM-0075,0,pothole,8330,0.044005,0.040191,0.966442,0.492337,1.644584,-2.792809
SIM-0075,0,pothole,8340,0.034784,0.029841,0.959820,5.497706,2.685975,-2.027234
SIM-0075,0,pothole,8350,0.009006,0.006870,1.001353,2.005863,2.954429,-1.709521
SIM-0075,0,pothole,8360,0.016089,0.039023,1.015844,1.650273,1.176424,-4.141936
SIM-0075,0,pothole,8370,0.036432,0.042670,0.954704,3.611570,2.438071,-1.785271
SIM-0075,0,pothole,8380,0.021194,0.005531,1.015442,2.568991,3.483709,-4.293166
SIM-0075,0,pothole,8390,0.029045,0.102022,0.981953,3.151517,3.264215,-2.690597
SIM-0075,0,pothole,8400,0.018011,0.079610,1.052449,2.142097,2.435688,-2.139620
SIM-0075,0,pothole,8410,0.041016,0.044065,1.062869,3.793871,3.492706,-2.371630
SIM-0075,0,pothole,8420,0.007265,0.055936,1.043229,0.297214,1.876300,-0.671858
SIM-0075,0,pothole,8430,-0.007239,0.071235,0.989188,1.957520,3.238143,1.927947
SIM-0075,0,pothole,8440,0.014173,0.046655,1.008350,3.468077,1.324348,-2.558210
SIM-0075,0,pothole,8450,0.036070,0.074927,0.970190,1.513579,3.687539,-3.091631
SIM-0075,0,pothole,8460,0.032594,0.062176,0.943512,2.966519,0.309673,-0.739309
SIM-0075,0,pothole,8470,0.002088,0.066663,0.970710,3.911691,1.658589,-0.114613
SIM-0075,0,pothole,8480,0.046762,0.039299,0.958032,0.260155,0.586076,-1.908112
SIM-0075,0,pothole,8490,0.029126,0.047372,0.988169,2.349486,2.777976,-3.113365
SIM-0075,0,pothole,8500,0.030609,0.060390,1.029095,1.522011,5.452342,-2.293446
SIM-0075,0,pothole,8510,0.035747,0.067452,1.003882,2.255329,1.971428,-1.713486
SIM-0075,0,pothole,8520,0.014130,0.029345,1.021364,3.371466,3.274522,-0.513314
SIM-0075,0,pothole,8530,0.017341,0.106988,1.049828,-1.507853,2.796622,-4.478217
SIM-0075,0,pothole,8540,0.020777,0.072277,1.066713,2.083065,3.322518,-3.504120
SIM-0075,0,pothole,8550,0.065184,0.080912,1.032675,-1.479923,3.561683,0.157429
SIM-0075,0,pothole,8560,0.025613,0.087533,1.029758,-1.600931,1.853727,-1.774449
SIM-0075,0,pothole,8570,-0.005198,0.058971,1.005669,-2.302219,2.353180,-4.148214
SIM-0075,0,pothole,8580,0.070884,0.058033,0.945130,-2.779571,3.997834,-0.188185
SIM-0075,0,pothole,8590,0.031916,0.059906,0.969471,-0.803635,3.662509,-1.429627
SIM-0075,0,pothole,8600,0.032292,0.062803,0.954581,0.087207,5.554370,-2.274557
SIM-0075,0,pothole,8610,0.045782,0.100370,0.977972,1.075457,3.479700,-1.880695
SIM-0075,0,pothole,8620,0.042146,0.031913,0.982847,1.108327,0.540623,-3.684799
SIM-0075,0,pothole,8630,0.010658,0.067663,1.010285,-0.959033,0.532179,-0.883280
SIM-0075,0,pothole,8640,0.007596,0.058526,1.029926,-2.777915,4.241659,-1.373863
SIM-0075,0,pothole,8650,-0.015873,0.049716,0.996615,-1.058749,1.290070,-0.631137
SIM-0075,0,pothole,8660,0.023184,0.059885,1.009986,-3.859463,1.285007,0.204314
SIM-0075,0,pothole,8670,0.036626,0.074419,0.996701,-0.272220,3.338582,0.745808
SIM-0075,0,pothole,8680,0.000132,0.039038,1.013079,-0.949205,2.629070,-0.371032
SIM-0075,0,pothole,8690,-0.003395,0.066032,0.980949,-1.021370,5.199397,0.303236
SIM-0075,0,pothole,8700,-0.003969,0.048986,0.969808,-0.656834,-0.004370,-2.802371
SIM-0075,0,pothole,8710,-0.023359,0.081510,0.995043,-0.627673,2.152350,-2.009344
SIM-0075,0,pothole,8720,0.013584,0.089703,0.969008,-0.395816,3.194071,-0.649133
SIM-0075,0,pothole,8730,0.000042,0.060224,0.991203,-2.114454,4.160482,-0.021375
SIM-0075,0,pothole,8740,-0.010897,0.041750,1.018687,-1.315612,4.325593,-4.183807
SIM-0075,0,pothole,8750,0.008124,0.038750,1.041867,-4.774279,1.847234,-1.457942
SIM-0075,0,pothole,8760,-0.035747,0.055172,1.011260,-3.696516,3.036261,-0.944298
SIM-0075,0,pothole,8770,0.042180,0.051400,1.049399,-3.022504,2.533265,-1.467147
SIM-0075,0,pothole,8780,0.005042,0.032978,1.042669,-4.919950,1.802255,-4.473808
SIM-0075,0,pothole,8790,0.024001,0.028896,1.000349,-2.353213,0.923224,0.692042
SIM-0075,0,pothole,8800,0.007600,0.060064,0.999207,-4.241989,2.901062,-2.744709
SIM-0075,0,pothole,8810,0.022826,0.028813,1.004622,-2.455341,2.965867,-2.735531
SIM-0075,0,pothole,8820,-0.020609,0.038153,0.963732,-4.291830,2.114168,-0.654189
SIM-0075,0,pothole,8830,-0.010988,0.047347,0.968645,-3.230222,-0.434678,-0.420322
SIM-0075,0,pothole,8840,-0.030253,0.050132,1.018236,-3.089535,4.222065,-2.035452
SIM-0075,0,pothole,8850,-0.010415,0.016664,0.951883,-6.407973,4.230146,-3.483348
SIM-0075,0,pothole,8860,0.000634,0.041648,0.994814,-6.745010,1.563709,-0.215538
SIM-0075,0,pothole,8870,-0.051127,0.039034,1.011781,-3.181162,2.137348,-4.066923
SIM-0075,0,pothole,8880,0.001194,0.042275,1.006468,-3.369981,-0.355515,-1.948908
SIM-0075,0,pothole,8890,-0.031005,0.043365,1.013072,-6.878650,-1.728158,-2.355244
SIM-0075,0,pothole,8900,-0.011257,-0.024496,1.016016,-4.122651,-1.221063,1.607224
SIM-0075,0,pothole,8910,-0.010900,0.047553,1.050399,-3.781250,1.151840,0.668603
SIM-0075,0,pothole,8920,-0.037813,0.039138,1.017983,-3.531818,4.428652,-0.512635
SIM-0075,0,pothole,8930,0.012354,0.071820,0.982481,-2.597507,4.395059,1.138749
SIM-0075,0,pothole,8940,-0.044698,0.064214,0.991684,-4.720759,3.184091,-0.993107
SIM-0075,0,pothole,8950,-0.032926,0.084065,0.958556,-5.102209,2.861098,-0.118874
SIM-0075,0,pothole,8960,-0.015066,0.051364,0.985769,-8.018609,2.403064,-2.171491
SIM-0075,0,pothole,8970,-0.031991,0.022407,0.969178,-7.014886,3.874873,-2.622164
SIM-0075,0,pothole,8980,-0.005020,0.025775,1.008110,-7.147256,4.087986,-3.242673
SIM-0075,0,pothole,8990,-0.076959,0.029058,0.970199,-2.514112,5.565309,-1.740075
SIM-0075,0,pothole,9000,-0.033455,0.059064,0.990897,-8.244433,4.451477,-0.004695
SIM-0075,0,pothole,9010,-0.014378,0.031848,1.029779,-6.605045,2.583449,2.321177
SIM-0075,0,pothole,9020,-0.063719,0.053506,0.988958,-6.208726,1.307298,2.489318
SIM-0075,0,pothole,9030,-0.030023,0.042503,1.018791,-7.719774,3.252739,-0.507381
SIM-0075,0,pothole,9040,-0.047968,0.003973,1.038265,-4.344757,2.391572,-1.601921
SIM-0075,0,pothole,9050,-0.086251,0.030151,1.005803,-4.868025,-0.760302,-1.233107
SIM-0075,0,pothole,9060,-0.005740,0.016206,1.008725,-7.088414,-1.392125,-2.620862
SIM-0075,0,pothole,9070,0.010012,0.044668,0.943552,-5.936276,3.530279,-0.036039
SIM-0075,0,pothole,9080,-0.018582,0.001512,0.932705,-6.109828,4.398447,1.439672
SIM-0075,0,pothole,9090,-0.058180,-0.001492,1.001274,-5.703938,4.003390,-0.615223
SIM-0075,0,pothole,9100,-0.028706,0.001405,0.995150,-4.867878,2.653341,-0.478453
SIM-0075,0,pothole,9110,-0.026001,0.028787,1.011001,-6.507221,2.743478,-0.775077
SIM-0075,0,pothole,9120,-0.046731,0.034982,0.965041,-8.627492,1.088036,-1.169637
SIM-0075,0,pothole,9130,-0.057250,0.015271,1.022698,-7.304801,2.444819,-3.501226
SIM-0075,0,pothole,9140,-0.010336,0.030244,1.035839,-3.905046,0.720543,1.676114
SIM-0075,0,pothole,9150,-0.029319,-0.001213,1.047932,-6.664243,0.590481,-1.272435
SIM-0075,0,pothole,9160,-0.045748,-0.003026,1.026218,-6.883363,4.716164,-1.288936
SIM-0075,0,pothole,9170,-0.020551,-0.018520,1.054085,-8.143895,1.899307,-0.663367
SIM-0075,0,pothole,9180,-0.012310,0.040457,0.971676,-6.792780,1.248777,-1.943699
SIM-0075,0,pothole,9190,-0.017223,-0.000335,0.974660,-6.795101,-0.564158,-0.764202
SIM-0075,0,pothole,9200,-0.001058,0.012637,0.994225,-6.754884,2.457973,0.380815
SIM-0075,0,pothole,9210,0.023094,0.015285,0.973210,-6.416475,2.405011,-0.527718
SIM-0075,0,pothole,9220,-0.034540,0.037022,1.018007,-4.720966,1.314921,0.062924
SIM-0075,0,pothole,9230,-0.006461,0.014415,0.977075,-4.973921,2.265292,-1.271665
SIM-0075,0,pothole,9240,-0.012684,0.008111,0.948670,-6.378615,5.003222,2.136827
SIM-0075,0,pothole,9250,0.002149,0.037477,1.037598,-6.803437,1.518008,-0.432731
SIM-0075,0,pothole,9260,0.014889,0.016848,0.995273,-7.388010,2.768101,0.560929
SIM-0075,0,pothole,9270,0.030538,0.012256,1.035175,-3.837514,0.898311,1.543942
SIM-0075,0,pothole,9280,0.012319,0.020896,1.024964,-6.638817,1.491796,-1.582140
SIM-0075,0,pothole,9290,0.011974,0.001002,1.020378,-6.631772,1.169269,2.801840
SIM-0075,0,pothole,9300,-0.003695,0.016588,1.017235,-6.143101,1.880632,-0.340076
SIM-0075,0,pothole,9310,0.017763,0.008463,0.987016,-5.920941,2.900068,-1.609296
SIM-0075,0,pothole,9320,0.010174,-0.020159,0.989822,-8.376425,2.216772,-0.014767
SIM-0075,0,pothole,9330,-0.016178,0.018545,0.964849,-6.908328,1.838303,-1.635473
SIM-0075,0,pothole,9340,0.022230,-0.028030,0.966658,-5.603174,1.662498,2.498016
SIM-0075,0,pothole,9350,0.015026,0.016030,0.999744,-5.823206,2.413978,0.501483
SIM-0075,0,pothole,9360,-0.011473,-0.029890,0.962125,-10.803699,0.269641,-0.164526
SIM-0075,0,pothole,9370,0.022411,0.001451,0.982009,-6.710285,-2.016021,1.860991
SIM-0075,0,pothole,9380,0.015139,0.031096,1.004720,-7.185802,1.301327,0.090515
SIM-0075,0,pothole,9390,0.027611,-0.044555,0.988363,-6.199426,1.181790,-1.195473
SIM-0075,0,pothole,9400,-0.008173,-0.003383,1.052073,-7.582524,1.506931,0.824058
SIM-0075,0,pothole,9410,0.004324,0.027243,1.050606,-8.008430,2.678903,1.427586
SIM-0075,0,pothole,9420,-0.025713,-0.007086,1.032710,-7.903543,1.013424,2.575012
SIM-0075,0,pothole,9430,-0.055087,0.007717,1.055663,-6.225749,1.398813,-0.288180
SIM-0075,0,pothole,9440,0.013539,0.012292,1.025511,-3.782832,3.015666,1.051394
SIM-0075,0,pothole,9450,-0.005420,-0.025145,0.970920,-6.586989,1.308626,2.401187
SIM-0075,0,pothole,9460,0.003092,-0.007930,0.973677,-3.895413,0.580558,2.030140
SIM-0075,0,pothole,9470,-0.015307,-0.012220,0.975203,-5.656240,0.286551,-0.274716
SIM-0075,0,pothole,9480,-0.007686,0.009432,0.980525,-6.508904,1.827703,-0.385523
SIM-0075,0,pothole,9490,-0.008416,-0.012933,1.005843,-10.075166,2.260246,0.338035
SIM-0075,0,pothole,9500,-0.013717,0.007778,0.997483,-6.828414,0.168136,-2.508012
SIM-0075,0,pothole,9510,-0.030042,0.037409,1.030358,-5.877792,3.230828,2.819281
SIM-0075,0,pothole,9520,0.023745,-0.028549,1.091269,-5.011542,-0.858424,2.795833
SIM-0075,0,pothole,9530,0.017423,-0.015796,1.014892,-7.868400,0.737882,2.166465
SIM-0075,0,pothole,9540,-0.027090,-0.021977,1.017394,-6.384393,2.433215,3.196750
SIM-0075,0,pothole,9550,0.002081,-0.002524,1.027871,-6.417576,2.013684,2.858538
SIM-0075,0,pothole,9560,-0.016127,0.023838,1.022087,-4.014103,-2.368547,-0.641506
SIM-0075,0,pothole,9570,-0.014643,-0.052893,0.990726,-6.535873,0.003070,1.699518
SIM-0075,0,pothole,9580,-0.019036,0.020611,0.941709,-7.954222,3.071700,0.724002
SIM-0075,0,pothole,9590,-0.044480,-0.040380,0.961057,-6.963193,1.142266,3.697137
SIM-0075,0,pothole,9600,-0.062848,-0.032099,0.923229,-3.294407,2.687321,0.336195
SIM-0075,0,pothole,9610,-0.015161,-0.041634,0.991160,-1.811601,2.880582,2.492304
SIM-0075,0,pothole,9620,-0.012467,-0.000060,0.966623,-6.077791,1.969184,2.581847
SIM-0075,0,pothole,9630,-0.035141,-0.021269,1.026966,-6.008299,-1.065454,0.669553
SIM-0075,0,pothole,9640,-0.052936,-0.006376,1.009322,-6.469800,0.646053,0.658736
SIM-0075,0,pothole,9650,-0.022786,-0.019255,1.041510,-3.263923,1.273371,3.862545
SIM-0075,0,pothole,9660,-0.042747,-0.039542,1.013591,-5.059105,2.802912,-0.069586
SIM-0075,0,pothole,9670,0.002844,-0.004741,1.064136,-4.247350,2.070919,1.923203
SIM-0075,0,pothole,9680,-0.049466,-0.000664,0.978222,-7.725192,1.800161,0.179332
SIM-0075,0,pothole,9690,-0.010128,-0.022263,0.966423,-3.333624,3.084323,2.547025
SIM-0075,0,pothole,9700,-0.045259,-0.035040,0.986837,-4.725296,1.146999,1.125675
SIM-0075,0,pothole,9710,-0.081121,-0.023238,0.978333,-3.290724,0.536165,2.357516
SIM-0075,0,pothole,9720,-0.051079,-0.040306,0.997536,-5.347206,0.251018,1.990789
SIM-0075,0,pothole,9730,-0.075884,-0.048782,0.960982,-1.258766,1.760726,3.211159
SIM-0075,0,pothole,9740,-0.064619,-0.059188,0.969916,-4.054638,2.717506,0.746090
SIM-0075,0,pothole,9750,-0.069347,-0.037460,0.999002,-3.704458,1.470552,2.471319
SIM-0075,0,pothole,9760,-0.036076,-0.039989,1.004400,-3.681738,-0.106008,2.638445
SIM-0075,0,pothole,9770,-0.058256,-0.081843,1.041687,-3.634315,2.659551,2.201229
SIM-0075,0,pothole,9780,-0.031477,-0.037468,1.007324,-1.948802,0.238473,1.374286
SIM-0075,0,pothole,9790,-0.048490,-0.026983,1.072702,-1.688894,1.451375,4.562121
SIM-0075,0,pothole,9800,-0.086358,-0.011696,1.020585,-5.692803,-0.190134,1.309723
SIM-0075,0,pothole,9810,-0.031935,-0.031487,1.035273,-1.591893,3.293967,3.315977
SIM-0075,0,pothole,9820,-0.034691,-0.078193,0.975289,-3.737321,2.181249,2.640561
SIM-0075,0,pothole,9830,-0.097753,-0.003081,0.983209,-4.493236,1.763975,2.188498
SIM-0075,0,pothole,9840,-0.033247,-0.029304,0.959838,-0.470472,-0.860105,0.292623
SIM-0075,0,pothole,9850,-0.050221,-0.060889,1.000204,-4.244771,1.015854,4.172445
SIM-0075,0,pothole,9860,-0.042290,-0.048938,0.963246,-0.929639,-0.419234,3.974651
SIM-0075,0,pothole,9870,-0.056261,-0.032927,0.979586,-1.815644,0.726072,1.159147
SIM-0075,0,pothole,9880,-0.032223,-0.018544,1.013545,-4.031079,1.233013,1.764863
SIM-0075,0,pothole,9890,-0.022344,-0.023030,1.018603,-0.190258,0.007066,3.594879
SIM-0075,0,pothole,9900,-0.065817,-0.032834,1.038776,-4.445639,-0.783569,0.697772
SIM-0075,0,pothole,9910,-0.032061,-0.034600,1.026099,-1.915122,-2.480262,4.056350
SIM-0075,0,pothole,9920,-0.049046,-0.026296,1.038499,-6.403988,-0.104183,3.771816
SIM-0075,0,pothole,9930,-0.074049,-0.038926,1.017753,-0.013801,1.019025,2.955825
SIM-0075,0,pothole,9940,-0.034737,-0.053026,1.009731,-2.232752,-1.459657,2.757693
SIM-0075,0,pothole,9950,0.010442,0.027973,0.975290,-4.362160,1.605905,0.888326
SIM-0075,0,pothole,9960,-0.044432,-0.013700,0.947774,-1.131934,0.183594,4.443135
SIM-0075,0,pothole,9970,-0.012678,-0.048196,0.985004,-0.337545,2.028672,1.679430
SIM-0075,0,pothole,9980,-0.027391,-0.008332,0.978230,-0.409146,-0.172634,2.368667
SIM-0075,0,pothole,9990,0.008323,-0.057686,0.992718,2.081737,-1.055045,1.450794
SIM-0375,0,parked_tipover,0,-0.015129,-0.008596,1.029159,-1.052823,1.241659,-0.560720
SIM-0375,0,parked_tipover,10,0.008990,-0.009161,1.040845,-1.650963,0.250264,1.846884
SIM-0375,0,parked_tipover,20,0.000846,0.023972,0.983678,0.389863,0.931113,0.857657
SIM-0375,0,parked_tipover,30,0.026259,-0.024635,1.016852,-1.367198,0.463753,-1.580854
SIM-0375,0,parked_tipover,40,-0.005741,0.002678,1.001179,-3.430966,-2.931185,-0.138017
SIM-0375,0,parked_tipover,50,-0.007405,-0.002644,1.021400,-1.620030,-1.134449,1.889779
SIM-0375,0,parked_tipover,60,-0.056983,-0.011337,1.026845,-0.451304,-1.407588,0.502646
SIM-0375,0,parked_tipover,70,-0.011959,-0.008106,1.014194,-0.943035,0.452867,-0.374023
SIM-0375,0,parked_tipover,80,-0.015296,0.004461,0.977076,-2.693503,-1.440044,-0.151856
SIM-0375,0,parked_tipover,90,-0.012538,0.004632,0.973086,-0.021419,-0.056582,1.731343
SIM-0375,0,parked_tipover,100,0.026668,-0.006140,0.983790,-0.569805,0.096169,-2.678090
SIM-0375,0,parked_tipover,110,0.006584,-0.009087,1.023747,2.368229,-2.146995,0.328162
SIM-0375,0,parked_tipover,120,0.008901,-0.031283,1.030989,0.477417,-1.283804,-1.665016
SIM-0375,0,parked_tipover,130,0.001223,-0.005064,0.992220,-4.788180,-0.444195,-2.451601
SIM-0375,0,parked_tipover,140,-0.047302,-0.010225,1.012750,-0.277204,-0.024819,-1.080552
SIM-0375,0,parked_tipover,150,0.050768,-0.006163,0.997220,-0.278155,-2.415955,-1.185699
SIM-0375,0,parked_tipover,160,0.007055,-0.036682,0.988200,-1.399444,-0.289034,1.434249
SIM-0375,0,parked_tipover,170,-0.012134,-0.057100,0.982929,-0.738351,-1.165057,1.718237
SIM-0375,0,parked_tipover,180,-0.023681,0.002230,1.000103,-2.627739,-0.727714,-2.039806
SIM-0375,0,parked_tipover,190,0.011515,0.023480,1.016589,-0.238835,0.320492,0.179738
SIM-0375,0,parked_tipover,200,-0.033249,-0.038620,1.022314,-1.137365,0.541018,-0.475288
SIM-0375,0,parked_tipover,210,0.001974,0.037632,1.043351,-1.076080,0.516960,-2.425217
SIM-0375,0,parked_tipover,220,0.002847,-0.024921,1.032563,-0.640018,0.639098,-0.304255
SIM-0375,0,parked_tipover,230,-0.028120,-0.001178,1.033380,-2.288726,-1.411598,-1.119157
SIM-0375,0,parked_tipover,240,-0.064939,-0.056247,1.031113,-1.155745,-1.621544,-0.262535
SIM-0375,0,parked_tipover,250,0.012000,0.030099,1.048331,-2.745937,0.798235,0.316030
SIM-0375,0,parked_tipover,260,-0.006081,-0.030419,1.012389,-1.044123,-1.675649,-0.098875
SIM-0375,0,parked_tipover,270,0.003416,-0.027245,1.000457,1.232971,-0.734224,-2.485314
SIM-0375,0,parked_tipover,280,0.029002,-0.022466,1.005316,-0.414773,-1.542067,0.098943
SIM-0375,0,parked_tipover,290,0.010187,-0.032329,1.006095,-0.960047,0.443430,-1.244425
SIM-0375,0,parked_tipover,300,-0.050048,-0.005219,0.980282,0.572504,1.564399,-3.502694
SIM-0375,0,parked_tipover,310,0.023799,-0.016280,1.033401,0.329170,-0.134806,-0.865025
SIM-0375,0,parked_tipover,320,-0.008922,0.025056,1.038652,1.240574,0.314626,2.896181
SIM-0375,0,parked_tipover,330,-0.018828,-0.000701,1.022029,-0.681312,0.184540,0.425232
SIM-0375,0,parked_tipover,340,-0.017422,-0.020170,1.005961,-3.007535,-2.640868,-0.302965
SIM-0375,0,parked_tipover,350,0.001664,0.007810,1.009728,-0.813725,-1.425092,2.752821
SIM-0375,0,parked_tipover,360,0.034242,-0.023750,1.027053,-2.750815,-2.755866,0.965655
SIM-0375,0,parked_tipover,370,-0.001577,-0.024253,0.999005,-0.096918,-2.848728,1.239971
SIM-0375,0,parked_tipover,380,0.012178,0.026797,1.008901,-2.701693,0.852072,0.983670
SIM-0375,0,parked_tipover,390,-0.010192,0.016145,0.963364,-1.834385,0.594299,-0.641669
SIM-0375,0,parked_tipover,400,0.011326,-0.011134,1.032253,-1.656698,0.475714,-1.107992
SIM-0375,0,parked_tipover,410,0.007212,0.035603,1.017093,-1.346221,0.653616,1.566117
SIM-0375,0,parked_tipover,420,-0.004475,-0.045559,1.030069,-1.262970,-0.002538,-1.316534
SIM-0375,0,parked_tipover,430,-0.034279,-0.037357,1.006742,0.251313,1.082227,3.487213
SIM-0375,0,parked_tipover,440,0.024485,-0.003100,1.006387,2.416312,-0.215304,-1.973625
SIM-0375,0,parked_tipover,450,0.015085,-0.041961,1.019441,-1.350651,-2.447060,-0.356544
SIM-0375,0,parked_tipover,460,-0.000335,-0.038173,0.980658,0.602374,-2.048143,0.980051
SIM-0375,0,parked_tipover,470,-0.006307,-0.025918,0.983662,-0.011280,-2.365001,2.796609
SIM-0375,0,parked_tipover,480,0.035427,-0.008909,1.023346,-0.157844,0.008665,-2.946005
SIM-0375,0,parked_tipover,490,0.011014,0.037817,0.992774,-2.379145,0.317067,0.116897
SIM-0375,0,parked_tipover,500,-0.033201,-0.030006,0.968943,-1.611211,-2.048787,-0.587608
SIM-0375,0,parked_tipover,510,0.018049,-0.056924,1.016010,-1.576423,-0.590910,0.080509
SIM-0375,0,parked_tipover,520,-0.018553,-0.028490,0.990050,-2.909323,1.613155,0.583384
SIM-0375,0,parked_tipover,530,-0.019270,0.010396,0.987893,-0.623176,-0.525801,0.996857
SIM-0375,0,parked_tipover,540,0.012702,-0.048413,1.003945,-1.224655,1.218551,-0.415849
SIM-0375,0,parked_tipover,550,0.024377,0.020592,1.021626,-0.638009,1.369696,0.185096
SIM-0375,0,parked_tipover,560,-0.040303,-0.029727,1.012114,1.176218,-0.488796,-2.300684
SIM-0375,0,parked_tipover,570,0.030294,-0.005657,1.050337,-1.102158,0.200444,-1.519321
SIM-0375,0,parked_tipover,580,-0.025974,-0.009305,1.023127,-3.976285,-0.953917,-1.296980
SIM-0375,0,parked_tipover,590,0.009210,0.015743,0.997481,-0.180462,0.497216,0.181149
SIM-0375,0,parked_tipover,600,-0.020331,0.001127,1.036909,-0.799696,0.358811,-3.279004
SIM-0375,0,parked_tipover,610,-0.020233,-0.049576,0.991214,-2.052075,1.169612,-1.094889
SIM-0375,0,parked_tipover,620,-0.018938,-0.010757,1.029917,-0.324546,-1.694784,1.814863
SIM-0375,0,parked_tipover,630,-0.004374,-0.005577,0.987375,0.047441,-0.034374,-0.720438
SIM-0375,0,parked_tipover,640,-0.048259,0.006556,1.016061,-0.315029,0.371783,-1.518042
SIM-0375,0,parked_tipover,650,-0.010667,-0.026431,0.983529,-0.689301,0.747371,-2.712746
SIM-0375,0,parked_tipover,660,-0.021026,0.031192,1.005801,-0.187874,-2.402687,-0.563142
SIM-0375,0,parked_tipover,670,-0.044191,-0.018997,0.987630,-0.869904,-1.913273,-1.654963
SIM-0375,0,parked_tipover,680,-0.018022,-0.031595,0.995507,-1.601331,-0.925486,-0.378294
SIM-0375,0,parked_tipover,690,0.063852,-0.020554,1.023136,1.956721,0.794114,2.015505
SIM-0375,0,parked_tipover,700,0.015720,0.008657,1.018033,-2.420005,0.318644,-0.522368
SIM-0375,0,parked_tipover,710,0.018313,-0.026256,1.057349,-2.312547,1.258659,-0.871929
SIM-0375,0,parked_tipover,720,0.003652,-0.021460,0.998586,-2.909472,-0.526861,4.260241
SIM-0375,0,parked_tipover,730,0.016823,0.005416,0.997263,0.335443,0.390386,-1.407195
SIM-0375,0,parked_tipover,740,-0.011150,0.007682,1.015164,-0.647573,0.854849,-1.217413
SIM-0375,0,parked_tipover,750,0.030045,-0.019305,1.053472,-2.039529,3.391588,3.138051
SIM-0375,0,parked_tipover,760,0.005183,-0.020755,0.989415,0.524972,-0.033383,-0.228032
SIM-0375,0,parked_tipover,770,-0.029371,-0.040453,0.986618,-2.374294,1.994657,-0.461620
SIM-0375,0,parked_tipover,780,0.002264,-0.000539,0.981527,-2.655472,0.380590,0.124729
SIM-0375,0,parked_tipover,790,0.055538,0.002799,0.995546,0.416649,-1.317554,-0.085483
SIM-0375,0,parked_tipover,800,0.025987,-0.029052,0.974334,-0.228141,1.000523,0.248500
SIM-0375,0,parked_tipover,810,0.002008,-0.035131,0.969157,-0.721413,1.344560,-1.216491
SIM-0375,0,parked_tipover,820,0.019080,0.012497,0.968006,1.082922,-1.333301,-0.204255
SIM-0375,0,parked_tipover,830,0.005771,-0.029760,0.991358,-3.068453,-0.214040,-0.967999
SIM-0375,0,parked_tipover,840,-0.040790,-0.042633,0.996177,0.820597,-2.597435,-2.415783
SIM-0375,0,parked_tipover,850,0.006799,-0.029594,0.990154,-0.826864,0.519708,0.520844
SIM-0375,0,parked_tipover,860,-0.017864,-0.031964,0.994991,-1.660295,-3.435014,-1.543217
SIM-0375,0,parked_tipover,870,-0.018231,-0.012456,0.980880,1.556658,-2.231517,-1.693154
SIM-0375,0,parked_tipover,880,-0.015609,-0.026032,1.004306,0.107558,-1.007158,-0.732266
SIM-0375,0,parked_tipover,890,0.002189,0.027339,1.022782,-2.938250,0.027864,-0.244728
SIM-0375,0,parked_tipover,900,-0.025761,0.013163,1.027597,1.873000,0.196171,-2.613251
SIM-0375,0,parked_tipover,910,-0.016307,-0.013226,1.028340,-0.559866,0.556321,-0.215853
SIM-0375,0,parked_tipover,920,-0.028342,0.012718,1.029934,-2.297460,0.272067,-0.196141
SIM-0375,0,parked_tipover,930,-0.003593,-0.030176,1.004558,1.200010,0.470600,-2.094371
SIM-0375,0,parked_tipover,940,0.003898,-0.042315,1.000600,1.280356,-1.799661,-3.302110
SIM-0375,0,parked_tipover,950,-0.008176,-0.010769,1.035386,0.200604,-1.173969,-2.594382
SIM-0375,0,parked_tipover,960,0.010205,-0.041344,1.001964,-1.451198,2.351892,0.657507
SIM-0375,0,parked_tipover,970,0.005974,-0.009183,1.034010,1.459367,-4.536708,0.195272
SIM-0375,0,parked_tipover,980,0.011564,-0.004905,0.990548,-1.907179,0.747086,1.384485
SIM-0375,0,parked_tipover,990,-0.041109,0.013675,1.015458,0.695266,0.525393,1.432282
SIM-0375,0,parked_tipover,1000,-0.018920,-0.028505,1.022483,0.466687,-1.288006,-0.509771
SIM-0375,0,parked_tipover,1010,-0.000555,-0.026662,0.988890,0.612733,-0.950418,-1.981206
SIM-0375,0,parked_tipover,1020,-0.019151,-0.007568,0.982161,0.850463,-0.966706,-2.195900
SIM-0375,0,parked_tipover,1030,-0.013406,0.006143,0.987431,-0.755184,-0.012031,-1.117674
SIM-0375,0,parked_tipover,1040,-0.007115,0.018886,0.988544,-0.129982,0.288790,-1.237638
SIM-0375,0,parked_tipover,1050,-0.000610,0.000650,0.979140,-3.350402,-1.043141,0.252710
SIM-0375,0,parked_tipover,1060,0.005989,-0.014557,1.013257,-1.844214,1.445869,-0.650922
SIM-0375,0,parked_tipover,1070,0.022089,0.003229,1.042487,-3.027455,1.021984,0.619152
SIM-0375,0,parked_tipover,1080,-0.017560,0.003161,1.029395,-1.143198,-0.548849,2.154330
SIM-0375,0,parked_tipover,1090,-0.021851,-0.002442,0.948552,0.383171,0.307031,-2.000057
SIM-0375,0,parked_tipover,1100,-0.038193,-0.014814,1.018333,-1.419308,-0.575133,-2.065283
SIM-0375,0,parked_tipover,1110,-0.001111,-0.032438,1.014147,1.853385,0.172759,-2.716831
SIM-0375,0,parked_tipover,1120,0.014269,0.010386,1.013676,-3.641250,0.419639,0.082845
SIM-0375,0,parked_tipover,1130,0.025077,-0.025578,1.023754,-0.709900,-1.849784,-0.456776
SIM-0375,0,parked_tipover,1140,0.030543,-0.016108,1.007477,-0.284137,1.251798,-0.005548
SIM-0375,0,parked_tipover,1150,-0.034168,0.019134,0.993397,0.757350,0.004507,-0.823128
SIM-0375,0,parked_tipover,1160,0.002146,-0.065321,1.016336,-0.047906,0.235168,-1.038305
SIM-0375,0,parked_tipover,1170,-0.004479,0.015249,1.004139,0.203260,3.206310,0.869639
SIM-0375,0,parked_tipover,1180,-0.017924,0.008152,0.975194,-1.997351,-2.077163,0.428865
SIM-0375,0,parked_tipover,1190,-0.019113,-0.013780,1.003362,-1.147534,0.117214,-1.511235
SIM-0375,0,parked_tipover,1200,-0.001631,-0.049514,0.970164,-2.821678,2.480578,-0.598214
SIM-0375,0,parked_tipover,1210,-0.009178,-0.004391,1.006713,-1.950439,0.417446,-0.649513
SIM-0375,0,parked_tipover,1220,-0.037759,-0.027204,0.992054,-0.174069,1.373376,-0.203841
SIM-0375,0,parked_tipover,1230,-0.014098,0.007424,1.010228,-1.550096,-2.094733,-1.991409
SIM-0375,0,parked_tipover,1240,-0.042500,-0.041882,1.004377,-3.310344,0.204891,-0.320976
SIM-0375,0,parked_tipover,1250,-0.049585,0.014088,1.022115,3.139745,0.572977,-0.984727
SIM-0375,0,parked_tipover,1260,-0.047278,0.019579,0.993118,-1.431372,-1.022429,0.152505
SIM-0375,0,parked_tipover,1270,-0.002101,0.012609,0.981068,-1.824759,-0.400417,0.034759
SIM-0375,0,parked_tipover,1280,-0.002134,-0.019428,1.011697,-0.456712,-0.174278,1.544009
SIM-0375,0,parked_tipover,1290,0.004976,-0.013028,0.991347,-0.046934,0.842993,0.693527
SIM-0375,0,parked_tipover,1300,-0.031218,-0.028435,1.018017,-0.382407,-1.025675,-0.686991
SIM-0375,0,parked_tipover,1310,-0.001224,-0.003996,0.990635,-1.410884,1.376098,0.955095
SIM-0375,0,parked_tipover,1320,-0.016689,-0.010839,0.979022,-0.360862,-0.163774,-3.990347
SIM-0375,0,parked_tipover,1330,-0.053307,-0.015444,0.986492,-1.090344,1.058199,0.040815
SIM-0375,0,parked_tipover,1340,0.008777,-0.020589,1.014252,-0.391946,-1.348420,-3.222054
SIM-0375,0,parked_tipover,1350,-0.050428,-0.013392,0.997293,0.154296,1.118837,-0.179993
SIM-0375,0,parked_tipover,1360,-0.009758,-0.008813,0.998683,-0.370954,1.793230,0.322068
SIM-0375,0,parked_tipover,1370,0.001355,0.021829,0.999304,-1.951183,-0.171320,-2.498464
SIM-0375,0,parked_tipover,1380,0.023581,0.016578,1.020342,-1.746107,-0.245525,-1.623010
SIM-0375,0,parked_tipover,1390,0.037126,0.037402,0.980784,-2.827965,-2.366755,-2.716857
SIM-0375,0,parked_tipover,1400,-0.015065,-0.000888,1.008578,2.594586,-0.815285,1.149736
SIM-0375,0,parked_tipover,1410,0.033033,-0.024880,1.004689,0.106043,0.310176,-0.072396
SIM-0375,0,parked_tipover,1420,0.012931,-0.050439,0.957049,-0.146319,2.381404,2.046378
SIM-0375,0,parked_tipover,1430,-0.021046,-0.044014,1.021352,-0.231148,2.036015,-0.674501
SIM-0375,0,parked_tipover,1440,0.025645,-0.004317,0.992784,1.871122,-0.022058,0.167447
SIM-0375,0,parked_tipover,1450,-0.011064,-0.025031,1.004868,-3.478448,-0.570579,-2.226219
SIM-0375,0,parked_tipover,1460,-0.020090,-0.034084,1.025165,0.095489,-2.414149,1.565064
SIM-0375,0,parked_tipover,1470,-0.017167,-0.019761,1.013990,-0.761366,1.931924,-2.189097
SIM-0375,0,parked_tipover,1480,0.001453,0.022009,0.990759,0.768427,3.599365,-3.622612
SIM-0375,0,parked_tipover,1490,-0.007196,-0.008101,0.982689,1.399014,1.836049,-1.285139
SIM-0375,0,parked_tipover,1500,-0.001015,-0.037613,0.985700,-1.223038,1.001696,-3.335462
SIM-0375,0,parked_tipover,1510,-0.022314,0.002608,0.974807,2.490942,-1.028612,-0.246745
SIM-0375,0,parked_tipover,1520,-0.009316,0.002382,1.014983,-2.459038,1.210102,0.777714
SIM-0375,0,parked_tipover,1530,0.015581,0.013285,1.004211,1.763565,-2.817181,1.030102
SIM-0375,0,parked_tipover,1540,0.054300,0.003871,1.001205,-1.814320,-1.987006,-1.184040
SIM-0375,0,parked_tipover,1550,0.012230,-0.023787,1.018311,-2.242756,-2.191436,-2.218417
SIM-0375,0,parked_tipover,1560,0.002273,0.005833,0.983203,-0.152173,-0.109677,-0.709087
SIM-0375,0,parked_tipover,1570,-0.039697,-0.001859,0.989631,-0.546758,-1.130506,1.102998
SIM-0375,0,parked_tipover,1580,0.011144,-0.008188,0.987361,0.462887,0.667655,-0.606536
SIM-0375,0,parked_tipover,1590,-0.006391,-0.055592,1.016070,-1.865613,-2.865483,1.497187
SIM-0375,0,parked_tipover,1600,-0.015268,-0.049607,1.034991,-1.132793,1.102402,1.728774
SIM-0375,0,parked_tipover,1610,0.021424,0.036013,1.019146,-4.266155,1.685417,2.535393
SIM-0375,0,parked_tipover,1620,0.002308,-0.010242,0.977460,-2.070754,-0.811063,-0.874312
SIM-0375,0,parked_tipover,1630,0.016143,-0.012353,1.003920,0.029706,1.226500,-2.070524
SIM-0375,0,parked_tipover,1640,0.038903,-0.006789,0.989251,-0.205088,-2.540257,0.298642
SIM-0375,0,parked_tipover,1650,0.009373,0.021083,1.028595,-1.351022,-3.891977,-1.568717
SIM-0375,0,parked_tipover,1660,-0.010601,0.005691,0.995875,-0.568728,0.866052,0.632317
SIM-0375,0,parked_tipover,1670,-0.009081,0.006919,0.995974,-2.524984,0.282010,0.982033
SIM-0375,0,parked_tipover,1680,-0.044291,0.006223,1.037593,-2.356776,-1.008123,-0.361000
SIM-0375,0,parked_tipover,1690,0.010730,0.032277,0.995326,-0.339048,-1.173862,-1.229363
SIM-0375,0,parked_tipover,1700,0.011373,0.015782,1.057829,0.218796,0.631308,-0.182692
SIM-0375,0,parked_tipover,1710,0.006172,-0.005827,1.013739,-0.311633,-0.976329,0.999232
SIM-0375,0,parked_tipover,1720,-0.018210,-0.033597,1.032000,-0.000966,0.611575,3.307836
SIM-0375,0,parked_tipover,1730,-0.018511,0.014814,1.044554,-0.683712,-1.570575,1.783151
SIM-0375,0,parked_tipover,1740,-0.005817,-0.031495,1.018686,-1.462146,-1.406856,1.386503
SIM-0375,0,parked_tipover,1750,-0.036915,-0.005465,1.010235,2.172976,-2.953626,0.207260
SIM-0375,0,parked_tipover,1760,-0.020753,0.030619,1.012960,0.703507,0.963301,-0.498616
SIM-0375,0,parked_tipover,1770,0.006244,-0.008299,1.026751,2.225751,-1.180608,-3.724127
SIM-0375,0,parked_tipover,1780,-0.004107,0.021517,1.022975,-1.884381,-2.127256,-1.513647
SIM-0375,0,parked_tipover,1790,-0.018666,-0.026756,1.002332,0.050387,-1.736377,-0.036789
SIM-0375,0,parked_tipover,1800,-0.047922,0.040778,1.015749,-2.158101,-0.694070,-2.166231
SIM-0375,0,parked_tipover,1810,-0.015119,-0.001538,0.988904,0.966370,1.501853,0.532024
SIM-0375,0,parked_tipover,1820,-0.014811,-0.044383,0.991043,-1.189854,-0.799823,2.063896
SIM-0375,0,parked_tipover,1830,0.003355,-0.036995,1.021841,-0.920786,-0.128808,2.170206
SIM-0375,0,parked_tipover,1840,-0.004830,-0.038507,0.991232,-0.334731,-0.962493,1.878468
SIM-0375,0,parked_tipover,1850,-0.008382,-0.038195,1.005104,1.485609,-3.619986,-2.026175
SIM-0375,0,parked_tipover,1860,-0.018858,-0.015924,0.985737,-2.026361,-1.352299,-0.778520
SIM-0375,0,parked_tipover,1870,-0.015153,0.005040,0.985068,1.318492,0.188787,-0.499871
SIM-0375,0,parked_tipover,1880,-0.013170,-0.041082,1.002995,-2.556568,0.473309,-2.581403
SIM-0375,0,parked_tipover,1890,-0.020845,-0.008452,1.002507,-2.433075,-0.961570,-1.444875
SIM-0375,0,parked_tipover,1900,-0.019463,-0.048679,0.977577,-1.137869,-2.022712,0.029010
SIM-0375,0,parked_tipover,1910,-0.012707,-0.024658,1.002021,-1.785388,1.260645,0.868667
SIM-0375,0,parked_tipover,1920,-0.014620,0.006493,1.046431,-1.136337,0.239561,-2.392709
SIM-0375,0,parked_tipover,1930,-0.015514,0.000381,1.009334,-4.202199,-3.635313,-0.136222
SIM-0375,0,parked_tipover,1940,0.002014,-0.038780,0.962829,2.316235,-2.673044,0.722916
SIM-0375,0,parked_tipover,1950,-0.008142,-0.004127,1.005003,-3.490581,-0.987193,1.288073
SIM-0375,0,parked_tipover,1960,-0.002261,-0.025741,1.000344,-0.048305,0.827631,-0.590073
SIM-0375,0,parked_tipover,1970,0.036051,-0.023760,0.976909,1.371201,1.286239,-2.008203
SIM-0375,0,parked_tipover,1980,0.011233,0.000152,1.032688,-1.870383,0.267552,-1.460584
SIM-0375,0,parked_tipover,1990,-0.011117,0.056063,1.040542,0.379368,-1.078616,0.265923
SIM-0375,0,parked_tipover,2000,-0.032479,-0.044896,0.987911,-2.051514,0.278758,0.918587
SIM-0375,0,parked_tipover,2010,-0.005904,0.024588,1.013783,-1.393528,3.575095,-0.537838
SIM-0375,0,parked_tipover,2020,0.001312,-0.026742,0.992967,-0.307004,1.153273,-1.138219
SIM-0375,0,parked_tipover,2030,-0.009176,-0.005079,1.009104,1.916950,0.617776,0.097251
SIM-0375,0,parked_tipover,2040,0.001480,0.012949,1.013542,-1.635379,-1.243724,0.105229
SIM-0375,0,parked_tipover,2050,0.027221,-0.038830,1.035391,0.396706,1.808004,-2.889034
SIM-0375,0,parked_tipover,2060,0.024812,-0.018732,1.006831,-0.713592,-0.253497,1.192557
SIM-0375,0,parked_tipover,2070,0.021365,0.012290,1.002914,-1.340594,-0.888539,-2.281463
SIM-0375,0,parked_tipover,2080,-0.021234,-0.004989,0.998852,0.429836,-0.831172,-0.902534
SIM-0375,0,parked_tipover,2090,0.040923,-0.019247,0.992690,-1.295622,-2.347678,1.058029
SIM-0375,0,parked_tipover,2100,-0.044876,-0.003084,1.027841,0.135313,1.668495,-0.099144
SIM-0375,0,parked_tipover,2110,0.005766,0.036831,0.990941,1.853275,0.015431,-0.644554
SIM-0375,0,parked_tipover,2120,-0.037520,0.041521,1.019114,2.049549,-0.851901,-1.525217
SIM-0375,0,parked_tipover,2130,0.004824,0.008795,0.988648,-2.625954,-0.107333,-1.663165
SIM-0375,0,parked_tipover,2140,-0.029665,-0.027329,1.013683,-0.717815,0.314560,-1.396079
SIM-0375,0,parked_tipover,2150,-0.003300,0.004452,1.007096,1.240505,1.216484,-1.657217
SIM-0375,0,parked_tipover,2160,-0.000618,-0.017647,0.994550,-2.105439,1.843183,-0.325652
SIM-0375,0,parked_tipover,2170,0.019966,-0.016019,1.000284,-2.982195,-0.217197,-1.480120
SIM-0375,0,parked_tipover,2180,-0.045196,-0.022149,1.024544,-0.208483,0.198463,-0.769706
SIM-0375,0,parked_tipover,2190,-0.027132,0.023681,1.009695,-3.732392,-3.453944,0.017817
SIM-0375,0,parked_tipover,2200,0.023896,-0.032099,0.990605,1.646615,-0.326574,-1.163886
SIM-0375,0,parked_tipover,2210,-0.046615,0.021012,0.969328,-0.430247,-2.123614,3.154111
SIM-0375,0,parked_tipover,2220,0.008965,0.007897,1.005274,-0.070132,0.191441,3.390539
SIM-0375,0,parked_tipover,2230,0.015392,-0.002545,0.999398,0.204873,-1.218302,-0.964818
SIM-0375,0,parked_tipover,2240,0.031033,-0.019897,0.981207,2.071296,1.497098,0.381913
SIM-0375,0,parked_tipover,2250,-0.007998,-0.023716,0.981940,-2.700145,-3.389459,-1.682514
SIM-0375,0,parked_tipover,2260,-0.033224,-0.033770,0.996761,-2.161957,-1.029641,-2.360483
SIM-0375,0,parked_tipover,2270,0.028626,-0.032978,1.004700,-1.262661,0.490757,-1.507422
SIM-0375,0,parked_tipover,2280,-0.032346,-0.010427,1.001315,-2.779547,-1.120537,0.112026
SIM-0375,0,parked_tipover,2290,-0.004702,-0.043043,1.009017,-1.594654,-0.620319,-0.585642
SIM-0375,0,parked_tipover,2300,-0.024437,-0.052555,1.026714,-0.416741,1.373565,-3.084399
SIM-0375,0,parked_tipover,2310,-0.001814,-0.009389,0.978097,0.734654,-3.036781,-2.156520
SIM-0375,0,parked_tipover,2320,-0.001828,-0.002772,0.999117,-2.760324,0.475204,0.655188
SIM-0375,0,parked_tipover,2330,-0.030321,-0.041004,0.985617,0.755892,0.751938,0.102760
SIM-0375,0,parked_tipover,2340,0.001873,0.002078,0.989180,-1.272504,-0.077131,-2.792560
SIM-0375,0,parked_tipover,2350,-0.018039,0.005680,0.989791,-1.369451,1.027906,1.527859
SIM-0375,0,parked_tipover,2360,-0.027849,0.019310,1.015161,1.230480,-2.078215,-2.033001
SIM-0375,0,parked_tipover,2370,0.007685,0.008972,1.017300,-1.063934,1.051388,0.607874
SIM-0375,0,parked_tipover,2380,-0.017640,0.008959,1.022568,-1.688530,1.538273,0.355629
SIM-0375,0,parked_tipover,2390,-0.003977,-0.004519,1.020277,1.336903,-0.050512,1.917336
SIM-0375,0,parked_tipover,2400,-0.042958,0.007037,0.990122,2.188682,1.314243,0.613993
SIM-0375,0,parked_tipover,2410,0.022982,0.013174,1.014445,-0.977238,-1.050384,-3.492047
SIM-0375,0,parked_tipover,2420,-0.020717,-0.037712,0.997863,-1.812430,-0.113923,0.525631
SIM-0375,0,parked_tipover,2430,0.024127,-0.006764,1.000034,-2.238190,0.504324,-2.160582
SIM-0375,0,parked_tipover,2440,-0.020229,-0.006924,1.048282,-2.345000,2.187819,-2.622431
SIM-0375,0,parked_tipover,2450,0.008963,-0.043581,1.023385,0.226507,-0.653418,-1.691522
SIM-0375,0,parked_tipover,2460,-0.019364,-0.017622,0.985439,0.378919,-0.470777,-1.183275
SIM-0375,0,parked_tipover,2470,-0.023218,-0.030721,1.015876,3.566330,-0.861164,-0.305351
SIM-0375,0,parked_tipover,2480,0.018258,0.001758,0.980356,-1.812875,-0.824113,-1.970782
SIM-0375,0,parked_tipover,2490,0.019529,-0.028917,1.011417,-0.799392,-2.441650,-0.190289
SIM-0375,0,parked_tipover,2500,-0.050142,-0.020278,1.006864,0.208353,-1.587313,0.033489
SIM-0375,0,parked_tipover,2510,-0.025838,-0.009059,1.000063,0.067038,-0.683030,2.617815
SIM-0375,0,parked_tipover,2520,-0.009238,-0.010963,1.014450,-0.393257,-1.112375,-4.566087
SIM-0375,0,parked_tipover,2530,0.034518,-0.041106,1.041736,-4.250281,1.325776,-0.999698
SIM-0375,0,parked_tipover,2540,-0.007273,-0.042917,1.013733,1.755054,-1.253827,0.885009
SIM-0375,0,parked_tipover,2550,0.005412,-0.020458,0.958711,-0.477553,0.768063,1.994128
SIM-0375,0,parked_tipover,2560,-0.056607,-0.001491,0.989611,-2.273791,1.106873,0.362926
SIM-0375,0,parked_tipover,2570,-0.009191,-0.011094,1.005317,-0.376838,-1.791032,-2.675040
SIM-0375,0,parked_tipover,2580,0.002212,-0.039755,0.986993,-2.229517,0.614052,0.138578
SIM-0375,0,parked_tipover,2590,0.026976,-0.031735,0.961148,1.384941,-3.704398,0.899559
SIM-0375,0,parked_tipover,2600,-0.026112,-0.001161,1.005933,-3.584493,0.975474,-0.976876
SIM-0375,0,parked_tipover,2610,-0.007437,-0.007122,0.989320,-0.731480,1.827332,1.463939
SIM-0375,0,parked_tipover,2620,-0.018714,-0.030803,1.016614,-0.778944,-0.500622,1.048197
SIM-0375,0,parked_tipover,2630,-0.014029,-0.022868,0.979591,2.827961,2.249527,-0.555023
SIM-0375,0,parked_tipover,2640,0.010546,0.014009,1.036692,-0.798101,-2.338832,-0.815558
SIM-0375,0,parked_tipover,2650,-0.029629,-0.003946,1.028368,0.480791,1.695690,-1.711840
SIM-0375,0,parked_tipover,2660,-0.014295,0.018879,0.998088,0.768870,-2.532885,0.124372
SIM-0375,0,parked_tipover,2670,-0.000287,-0.006682,0.998727,-2.435533,1.389418,-0.225337
SIM-0375,0,parked_tipover,2680,-0.036900,-0.007741,1.028812,-1.246371,-1.487017,-1.695016
SIM-0375,0,parked_tipover,2690,-0.019461,-0.001770,1.013752,1.218689,-0.643348,-2.075740
SIM-0375,0,parked_tipover,2700,-0.012974,-0.033795,1.005401,-3.588392,0.230555,1.654718
SIM-0375,0,parked_tipover,2710,0.010676,0.019210,0.984268,1.016388,-0.730119,-0.394485
SIM-0375,0,parked_tipover,2720,-0.020841,0.008648,0.989378,-2.062685,2.434604,0.643390
SIM-0375,0,parked_tipover,2730,-0.024514,-0.009687,1.008241,-2.201291,-0.702901,-3.122005
SIM-0375,0,parked_tipover,2740,0.016309,-0.000648,0.963772,-0.895526,-1.136993,-0.778223
SIM-0375,0,parked_tipover,2750,-0.024643,0.015471,1.026374,-0.757314,-1.732907,0.273262
SIM-0375,0,parked_tipover,2760,-0.052253,-0.041928,1.003091,0.389523,-0.712717,-0.392480
SIM-0375,0,parked_tipover,2770,-0.031015,-0.037961,1.010112,-1.606096,0.230181,0.820591
SIM-0375,0,parked_tipover,2780,0.028279,0.001461,1.035834,-2.440885,-0.853761,-1.187883
SIM-0375,0,parked_tipover,2790,0.005747,-0.008597,1.000471,-2.514084,-1.238603,3.197053
SIM-0375,0,parked_tipover,2800,-0.047340,-0.043371,0.997015,-1.000534,1.178306,-2.199805
SIM-0375,0,parked_tipover,2810,0.029083,0.009888,1.007764,-0.243735,-2.476786,2.020245
SIM-0375,0,parked_tipover,2820,0.024805,0.014897,1.018542,-2.683017,0.565837,-3.386256
SIM-0375,0,parked_tipover,2830,-0.047740,-0.014220,0.988244,-0.428514,0.535964,-0.497004
SIM-0375,0,parked_tipover,2840,0.012502,-0.013187,1.010072,-2.721932,0.222714,-1.694915
SIM-0375,0,parked_tipover,2850,0.026613,-0.027785,1.001499,-0.370222,-0.484436,1.486611
SIM-0375,0,parked_tipover,2860,-0.000082,-0.011051,0.978687,-0.408147,2.128593,1.500747
SIM-0375,0,parked_tipover,2870,0.006087,-0.041636,1.005276,-0.767383,1.339141,0.462015
SIM-0375,0,parked_tipover,2880,-0.054504,-0.019963,1.032813,-6.665564,-0.445554,0.716608
SIM-0375,0,parked_tipover,2890,0.011457,-0.036884,0.992784,-0.588309,3.408522,1.366300
SIM-0375,0,parked_tipover,2900,0.000345,-0.020851,0.995170,-0.863099,-0.779033,0.427527
SIM-0375,0,parked_tipover,2910,-0.015911,-0.005782,1.029887,1.362621,-0.703913,1.001770
SIM-0375,0,parked_tipover,2920,-0.017859,-0.038860,0.998200,0.203906,-0.781556,-0.842998
SIM-0375,0,parked_tipover,2930,0.017702,0.013976,1.027723,-1.372909,-1.773243,-0.958601
SIM-0375,0,parked_tipover,2940,0.010070,-0.007945,1.002842,-0.957686,0.752978,-0.805913
SIM-0375,0,parked_tipover,2950,0.009037,-0.040131,1.020744,-2.657594,-1.849658,-0.155255
SIM-0375,0,parked_tipover,2960,-0.022725,-0.035578,1.052310,-1.946906,-1.117240,-0.634187
SIM-0375,0,parked_tipover,2970,-0.016291,-0.037637,0.987613,-0.895179,-0.990582,-2.174595
SIM-0375,0,parked_tipover,2980,0.014663,-0.002630,1.029795,-3.903063,-2.264818,-2.637521
SIM-0375,0,parked_tipover,2990,-0.036773,-0.020062,1.014075,-2.598764,-2.830372,-1.495804
SIM-0375,0,parked_tipover,3000,0.011351,0.031993,1.032902,-1.336932,0.107448,-0.713213
SIM-0375,0,parked_tipover,3010,-0.020360,0.005978,0.992233,-1.371180,-0.117820,-0.166172
SIM-0375,0,parked_tipover,3020,0.013219,0.024618,0.987323,-3.713609,0.373475,-3.360307
SIM-0375,0,parked_tipover,3030,-0.008662,-0.007534,0.991296,-1.754218,-0.909788,-2.398624
SIM-0375,0,parked_tipover,3040,-0.024185,-0.024970,1.013856,1.205051,2.626619,0.639092
SIM-0375,0,parked_tipover,3050,0.023785,0.004924,0.997434,2.598194,-1.452328,-2.795321
SIM-0375,0,parked_tipover,3060,-0.038993,-0.045751,0.966343,0.353685,-2.301431,-0.953073
SIM-0375,0,parked_tipover,3070,-0.013918,-0.022273,0.979177,-1.270868,1.045985,0.559266
SIM-0375,0,parked_tipover,3080,-0.004136,-0.009006,1.027390,0.366289,0.763869,1.766148
SIM-0375,0,parked_tipover,3090,-0.005850,-0.001404,1.022412,0.051335,0.582710,-0.585432
SIM-0375,0,parked_tipover,3100,0.015143,0.004023,1.043421,-2.026392,-2.989585,-2.037446
SIM-0375,0,parked_tipover,3110,0.020192,-0.045320,1.026349,-0.592634,-1.227175,0.053432
SIM-0375,0,parked_tipover,3120,0.007676,0.001008,1.009373,1.421697,0.419635,0.328625
SIM-0375,0,parked_tipover,3130,-0.048792,-0.028263,0.982347,-1.430588,-2.251324,0.938623
SIM-0375,0,parked_tipover,3140,-0.016836,0.000712,1.008850,-4.092090,1.023216,-0.117806
SIM-0375,0,parked_tipover,3150,-0.015163,-0.018141,0.985585,-1.844495,0.094135,0.884177
SIM-0375,0,parked_tipover,3160,-0.013632,-0.057363,0.987291,-1.501172,2.994590,2.385708
SIM-0375,0,parked_tipover,3170,-0.025226,0.011985,1.024361,-4.145978,0.337698,0.842366
SIM-0375,0,parked_tipover,3180,-0.001289,-0.017085,0.985446,-3.796404,-1.791177,-0.321342
SIM-0375,0,parked_tipover,3190,0.005796,-0.018392,1.013752,1.301385,-2.126045,0.099541
SIM-0375,0,parked_tipover,3200,0.041938,-0.040092,0.974442,0.892165,4.184543,0.318646
SIM-0375,0,parked_tipover,3210,-0.057314,0.015761,0.973881,-0.815678,0.513554,2.479756
SIM-0375,0,parked_tipover,3220,-0.002799,-0.049154,0.972048,-0.069225,-0.947281,0.152635
SIM-0375,0,parked_tipover,3230,-0.030483,0.009530,1.014987,-0.042324,1.505211,1.459652
SIM-0375,0,parked_tipover,3240,0.023111,-0.013482,1.017684,-1.401252,-0.517186,1.086812
SIM-0375,0,parked_tipover,3250,0.002170,-0.020985,0.996711,-2.471374,0.024572,0.640941
SIM-0375,0,parked_tipover,3260,0.010370,-0.001605,1.001267,0.078102,1.400504,-0.503824
SIM-0375,0,parked_tipover,3270,-0.004879,0.000922,1.010976,-0.752821,1.279536,1.303059
SIM-0375,0,parked_tipover,3280,0.021140,-0.009647,0.979295,1.307153,1.331387,-1.106110
SIM-0375,0,parked_tipover,3290,0.021168,-0.013936,0.974643,-0.627644,1.982092,1.000636
SIM-0375,0,parked_tipover,3300,0.002608,0.000167,1.034695,-0.149311,-0.319691,-0.470121
SIM-0375,0,parked_tipover,3310,-0.006343,-0.040033,1.036216,-2.682024,-3.542102,1.388679
SIM-0375,0,parked_tipover,3320,-0.006668,0.016052,1.016408,1.191484,-0.247715,1.692739
SIM-0375,0,parked_tipover,3330,0.028349,-0.023278,1.009424,1.581998,2.026838,1.712383
SIM-0375,0,parked_tipover,3340,0.028653,0.030541,1.023161,-0.678687,1.198401,1.731508
SIM-0375,0,parked_tipover,3350,0.021198,0.013083,0.982095,-0.644076,-1.852524,2.401040
SIM-0375,0,parked_tipover,3360,0.008169,0.010289,0.990996,-0.696990,-0.845614,-1.439167
SIM-0375,0,parked_tipover,3370,0.004354,-0.043832,1.020994,-0.518106,0.125693,-0.555212
SIM-0375,0,parked_tipover,3380,-0.016220,-0.004721,1.039018,-1.467506,2.248316,0.581029
SIM-0375,0,parked_tipover,3390,-0.018898,-0.024264,1.011469,-1.911617,-1.198024,-0.513288
SIM-0375,0,parked_tipover,3400,0.010746,-0.015071,1.003591,0.380365,0.059360,-2.431907
SIM-0375,0,parked_tipover,3410,-0.003112,0.016786,1.037746,-0.508515,-1.532240,-3.355027
SIM-0375,0,parked_tipover,3420,0.018705,0.009520,1.030408,-2.165720,0.130471,1.700585
SIM-0375,0,parked_tipover,3430,-0.021396,0.010356,1.020960,0.269584,1.565732,0.419878
SIM-0375,0,parked_tipover,3440,0.014210,-0.021206,1.013736,0.339865,-0.598596,-1.145980
SIM-0375,0,parked_tipover,3450,-0.001602,-0.022153,1.009273,-2.274791,-1.031661,-0.468925
SIM-0375,0,parked_tipover,3460,-0.009999,-0.016556,1.000625,0.082853,0.524776,0.589007
SIM-0375,0,parked_tipover,3470,-0.028226,-0.063217,1.011394,1.421871,-0.476564,-1.069506
SIM-0375,0,parked_tipover,3480,-0.001322,-0.025539,1.008117,2.177852,-0.705049,-1.305648
SIM-0375,0,parked_tipover,3490,-0.006231,0.012679,1.024075,-1.219963,-1.704026,0.362262
SIM-0375,0,parked_tipover,3500,-0.015431,-0.029640,1.003692,-1.415017,-0.877999,1.388058
SIM-0375,0,parked_tipover,3510,0.015737,-0.006138,0.989897,0.815670,1.157089,1.429940
SIM-0375,0,parked_tipover,3520,0.004112,-0.053894,0.991245,0.258957,-0.789286,-1.731282
SIM-0375,0,parked_tipover,3530,-0.007869,0.008845,0.984601,-1.210064,-0.601063,-0.259336
SIM-0375,0,parked_tipover,3540,0.000054,-0.027275,1.007024,0.661572,2.243287,-2.805225
SIM-0375,0,parked_tipover,3550,0.003869,-0.030931,1.052510,-2.888326,-2.066539,-0.616336
SIM-0375,0,parked_tipover,3560,-0.019236,0.004800,0.975946,2.552699,-0.573581,1.056152
SIM-0375,0,parked_tipover,3570,0.041432,0.017469,0.999890,-0.520459,-1.246150,1.564921
SIM-0375,0,parked_tipover,3580,-0.028875,-0.023685,0.999207,0.304199,-1.482906,-0.727831
SIM-0375,0,parked_tipover,3590,0.003326,-0.019346,0.989969,-0.839284,-0.062010,2.506780
SIM-0375,0,parked_tipover,3600,-0.006188,0.012002,0.961045,0.432814,0.270176,0.172059
SIM-0375,0,parked_tipover,3610,-0.016581,-0.008107,1.031937,-1.705689,-0.215069,0.259063
SIM-0375,0,parked_tipover,3620,-0.000479,-0.035204,1.006390,1.813377,0.490509,0.979318
SIM-0375,0,parked_tipover,3630,-0.023242,-0.004029,1.015168,-1.858538,1.168793,-0.236638
SIM-0375,0,parked_tipover,3640,-0.000263,-0.008113,0.986136,-0.197694,0.405886,-1.132362
SIM-0375,0,parked_tipover,3650,-0.011025,-0.046893,0.989589,-2.555118,-0.870740,-0.836190
SIM-0375,0,parked_tipover,3660,0.013354,-0.040140,0.973749,0.858639,2.206459,-2.002983
SIM-0375,0,parked_tipover,3670,0.003659,-0.011955,1.028249,-1.194189,2.602868,3.008238
SIM-0375,0,parked_tipover,3680,-0.009782,0.002581,1.017269,-0.163863,-3.380083,0.793816
SIM-0375,0,parked_tipover,3690,-0.017733,-0.004307,1.045119,-1.072093,0.646187,0.216796
SIM-0375,0,parked_tipover,3700,0.013529,-0.018928,1.013691,0.141893,-0.127286,-1.914923
SIM-0375,0,parked_tipover,3710,0.019457,-0.014689,0.985521,-1.250384,1.937538,-0.441017
SIM-0375,0,parked_tipover,3720,0.015434,-0.002198,1.034743,0.728780,-0.640372,-0.791564
SIM-0375,0,parked_tipover,3730,-0.020363,-0.023438,1.019423,-0.966217,1.203973,-0.041204
SIM-0375,0,parked_tipover,3740,-0.020754,-0.028985,1.017897,-0.083905,-0.957794,-1.029798
SIM-0375,0,parked_tipover,3750,0.013166,-0.000471,0.976710,-2.906496,-0.706577,-0.094582
SIM-0375,0,parked_tipover,3760,0.009715,-0.028029,1.003205,-0.402580,-0.127326,-0.106021
SIM-0375,0,parked_tipover,3770,-0.032685,0.008435,1.049861,-1.548010,0.838210,0.005237
SIM-0375,0,parked_tipover,3780,0.014688,-0.008637,0.981044,0.680368,1.622070,0.146890
SIM-0375,0,parked_tipover,3790,-0.031544,-0.015509,0.991342,-0.874972,-1.974567,0.743838
SIM-0375,0,parked_tipover,3800,-0.019409,-0.023702,1.003003,-2.740449,-2.047565,-0.972762
SIM-0375,0,parked_tipover,3810,-0.014244,0.007774,0.993591,-1.292834,-2.713374,-1.277402
SIM-0375,0,parked_tipover,3820,-0.012657,-0.040417,1.026899,-0.303022,0.537741,-2.680785
SIM-0375,0,parked_tipover,3830,0.018614,-0.023208,1.006199,1.604043,1.364725,-0.560876
SIM-0375,0,parked_tipover,3840,-0.035676,-0.026118,0.992362,-1.537060,-0.640636,0.707630
SIM-0375,0,parked_tipover,3850,-0.004711,-0.033522,0.989239,1.940101,2.380375,0.625285
SIM-0375,0,parked_tipover,3860,0.003261,-0.012599,0.977678,-1.119562,-0.115742,0.211013
SIM-0375,0,parked_tipover,3870,-0.037440,-0.004115,1.054698,-0.212353,1.487363,-1.414553
SIM-0375,0,parked_tipover,3880,0.002805,-0.008958,0.990812,-1.257968,-0.214074,-2.859106
SIM-0375,0,parked_tipover,3890,0.029429,-0.013901,0.991773,0.971195,-0.762726,1.164478
SIM-0375,0,parked_tipover,3900,0.024651,-0.033797,1.022953,0.243605,-0.054238,0.604342
SIM-0375,0,parked_tipover,3910,0.025423,-0.013073,0.995717,0.381409,0.598982,-2.947076
SIM-0375,0,parked_tipover,3920,-0.010706,-0.021847,1.029105,-1.414933,-1.128444,-2.061382
SIM-0375,0,parked_tipover,3930,0.009417,-0.008441,0.988998,-0.484046,4.627516,-1.628184
SIM-0375,0,parked_tipover,3940,-0.038264,0.014201,1.005841,-1.198262,-0.424590,-1.119897
SIM-0375,0,parked_tipover,3950,0.008078,0.004400,0.971742,0.685133,0.970340,-0.308940
SIM-0375,0,parked_tipover,3960,0.024056,-0.010238,0.978456,-2.487714,0.500298,0.426113
SIM-0375,0,parked_tipover,3970,-0.011906,-0.026731,1.000939,-0.346400,0.084667,-0.713324
SIM-0375,0,parked_tipover,3980,0.004936,0.004771,0.968415,0.875996,-2.724794,0.152135
SIM-0375,0,parked_tipover,3990,-0.023351,0.012476,0.984346,-1.713604,-0.684120,1.026715
SIM-0375,0,parked_tipover,4000,0.008962,0.023286,1.012302,1.342237,0.991620,-0.264273
SIM-0375,0,parked_tipover,4010,-0.011520,-0.010169,1.003032,-0.290103,0.689570,0.680754
SIM-0375,0,parked_tipover,4020,-0.012557,0.023801,1.004376,-3.121462,0.953451,0.057924
SIM-0375,0,parked_tipover,4030,-0.011570,-0.013367,0.995082,-1.302354,-0.152558,-0.833869
SIM-0375,0,parked_tipover,4040,0.030393,-0.016516,1.003417,-0.875235,1.152375,-0.339124
SIM-0375,0,parked_tipover,4050,-0.007272,-0.004431,0.943917,-1.244187,3.937894,-0.929426
SIM-0375,0,parked_tipover,4060,0.008482,0.012404,0.985135,1.412130,0.957573,-1.263738
SIM-0375,0,parked_tipover,4070,0.036428,-0.002947,1.015170,-0.164878,-1.150233,-0.286025
SIM-0375,0,parked_tipover,4080,0.049699,-0.016809,1.007932,-1.368716,-0.255216,0.987264
SIM-0375,0,parked_tipover,4090,-0.022390,-0.016995,1.017683,-1.940006,-1.680724,0.052980
SIM-0375,0,parked_tipover,4100,-0.013894,-0.006787,0.976476,1.880278,0.667999,0.258619
SIM-0375,0,parked_tipover,4110,-0.021245,0.019289,1.012546,-2.417093,0.013599,-0.936682
SIM-0375,0,parked_tipover,4120,-0.043654,-0.012094,0.995799,-0.788063,-0.385517,-0.730750
SIM-0375,0,parked_tipover,4130,0.011204,-0.043580,1.045073,-0.805661,1.651155,-2.414860
SIM-0375,0,parked_tipover,4140,-0.035129,-0.028223,1.010204,-0.248031,-1.704743,0.799911
SIM-0375,0,parked_tipover,4150,-0.012541,-0.012302,1.008098,-2.345994,-2.356621,1.256663
SIM-0375,0,parked_tipover,4160,-0.012461,-0.029022,0.998671,-3.414077,-0.607713,2.009000
SIM-0375,0,parked_tipover,4170,0.002004,-0.050411,1.019282,-0.561108,2.386621,-0.730949
SIM-0375,0,parked_tipover,4180,0.020450,-0.000019,1.025853,-1.695512,0.024645,2.767708
SIM-0375,0,parked_tipover,4190,-0.027590,0.007948,0.995445,-2.603036,-0.574957,-0.796266
SIM-0375,0,parked_tipover,4200,0.021297,-0.032508,1.011808,0.156309,-2.590239,-1.706291
SIM-0375,0,parked_tipover,4210,-0.030125,-0.053638,1.002301,-0.881819,-0.866124,1.193522
SIM-0375,0,parked_tipover,4220,-0.027635,-0.001367,1.050187,-0.686203,-2.688222,-0.272671
SIM-0375,0,parked_tipover,4230,-0.035683,0.044917,1.003943,-1.974449,0.056265,-1.040202
SIM-0375,0,parked_tipover,4240,0.017397,0.003463,0.988768,-0.938831,0.455604,-1.673297
SIM-0375,0,parked_tipover,4250,-0.000309,-0.021695,1.039375,0.022160,-0.028720,-0.082978
SIM-0375,0,parked_tipover,4260,0.012569,-0.028044,1.004076,-1.660123,-0.842134,2.301087
SIM-0375,0,parked_tipover,4270,0.019635,-0.018894,0.985388,-0.104171,-0.237190,-0.484285
SIM-0375,0,parked_tipover,4280,0.030604,-0.031410,0.960417,-0.923958,2.119384,-1.343543
SIM-0375,0,parked_tipover,4290,-0.017124,-0.001616,0.999618,0.841750,-1.144822,-2.567174
SIM-0375,0,parked_tipover,4300,-0.005349,0.009867,1.007886,0.348199,1.728861,-0.081589
SIM-0375,0,parked_tipover,4310,-0.043886,-0.019965,1.010157,-2.073555,1.019056,-0.823858
SIM-0375,0,parked_tipover,4320,-0.003371,0.039052,1.025048,-3.745141,0.317751,-4.020312
SIM-0375,0,parked_tipover,4330,-0.004031,0.036994,1.032345,-0.858536,3.285675,0.198571
SIM-0375,0,parked_tipover,4340,0.008291,-0.010800,1.010468,-2.639314,0.288968,2.626666
SIM-0375,0,parked_tipover,4350,-0.005697,-0.021816,0.997036,1.456831,0.803617,0.639906
SIM-0375,0,parked_tipover,4360,-0.038720,-0.010610,1.004296,0.272086,0.839723,-0.173528
SIM-0375,0,parked_tipover,4370,0.004474,-0.027218,0.972235,0.950577,1.259620,-2.006126
SIM-0375,0,parked_tipover,4380,-0.024549,-0.002813,0.966363,-0.654182,-0.839081,-2.649461
SIM-0375,0,parked_tipover,4390,0.005450,-0.063752,0.964384,2.714584,0.479454,0.398319
SIM-0375,0,parked_tipover,4400,0.000406,-0.022431,1.035875,-2.478731,-0.018671,0.763768
SIM-0375,0,parked_tipover,4410,0.003882,0.043164,1.025829,2.452487,1.435102,3.326142
SIM-0375,0,parked_tipover,4420,0.005369,-0.023200,1.018998,-1.174072,-0.785575,0.301272
SIM-0375,0,parked_tipover,4430,0.029951,-0.031113,0.967605,-4.962491,-3.180211,0.462647
SIM-0375,0,parked_tipover,4440,-0.015550,0.007016,1.003259,0.150967,2.175755,-0.723115
SIM-0375,0,parked_tipover,4450,-0.042627,-0.009941,1.020212,-2.425055,3.023932,-0.774585
SIM-0375,0,parked_tipover,4460,0.034257,-0.024363,1.014770,-0.516358,-0.979414,1.655108
SIM-0375,0,parked_tipover,4470,-0.047017,0.000702,1.013987,-1.367365,1.262687,-0.881927
SIM-0375,0,parked_tipover,4480,-0.017086,-0.034693,1.016911,-0.290369,-2.227584,1.766283
SIM-0375,0,parked_tipover,4490,0.014625,-0.025808,1.021838,0.243999,1.857124,0.937752
SIM-0375,0,parked_tipover,4500,-0.003819,-0.049450,1.007384,-2.079811,1.395054,-1.178363
SIM-0375,0,parked_tipover,4510,-0.020617,0.028156,1.011962,-1.573814,1.659236,2.047019
SIM-0375,0,parked_tipover,4520,-0.027361,-0.060889,0.933063,-1.381934,2.555622,0.336815
SIM-0375,0,parked_tipover,4530,-0.018990,-0.020386,0.998581,-2.002840,0.096498,-2.054058
SIM-0375,0,parked_tipover,4540,0.007115,-0.005777,0.977124,-1.026105,2.139318,-0.112842
SIM-0375,0,parked_tipover,4550,0.010472,-0.065304,1.037780,-1.259135,-0.376312,-1.521302
SIM-0375,0,parked_tipover,4560,-0.002653,-0.060866,0.987032,-2.355072,-1.217810,-0.525891
SIM-0375,0,parked_tipover,4570,-0.026456,-0.016008,0.990061,2.286875,1.596264,-2.265067
SIM-0375,0,parked_tipover,4580,0.023763,0.016076,1.033585,13.146123,-1.642361,-0.779746
SIM-0375,0,parked_tipover,4590,-0.011415,-0.013181,1.015261,19.322116,0.257107,1.130303
SIM-0375,0,parked_tipover,4600,-0.013707,-0.018754,0.991729,33.410868,-1.567029,-0.823274
SIM-0375,0,parked_tipover,4610,0.026514,0.008027,1.006486,45.849359,-1.118247,-0.327437
SIM-0375,0,parked_tipover,4620,-0.037065,0.003184,0.980380,61.437069,1.124702,0.696662
SIM-0375,0,parked_tipover,4630,-0.001849,0.011210,0.988361,70.087144,-0.458364,-1.878248
SIM-0375,0,parked_tipover,4640,-0.009994,0.035039,0.986578,80.973813,-0.946102,0.399700
SIM-0375,0,parked_tipover,4650,-0.037263,0.073580,0.971295,89.676777,0.480731,2.144424
SIM-0375,0,parked_tipover,4660,0.013284,0.058234,0.966013,103.691732,-1.576477,3.036186
SIM-0375,0,parked_tipover,4670,0.029472,0.087468,0.986318,109.323854,0.893140,-4.006640
SIM-0375,0,parked_tipover,4680,-0.035489,0.086086,0.996188,119.562248,0.317423,-1.389060
SIM-0375,0,parked_tipover,4690,-0.000213,0.097496,0.974349,127.105836,-0.271079,2.303129
SIM-0375,0,parked_tipover,4700,-0.017405,0.152227,1.012082,134.880530,-2.070050,-3.366817
SIM-0375,0,parked_tipover,4710,0.003738,0.192641,0.980974,142.362410,4.443111,-1.066912
SIM-0375,0,parked_tipover,4720,0.016481,0.144889,0.988801,150.424528,-0.282037,0.356156
SIM-0375,0,parked_tipover,4730,0.003711,0.229572,0.998948,157.692676,-2.480285,-0.897986
SIM-0375,0,parked_tipover,4740,0.013938,0.280590,0.976894,164.189074,-1.323593,1.727749
SIM-0375,0,parked_tipover,4750,-0.008594,0.314082,0.981482,171.471145,0.286119,-0.634518
SIM-0375,0,parked_tipover,4760,-0.025248,0.271228,0.917663,177.343534,-0.892507,-0.727635
SIM-0375,0,parked_tipover,4770,0.022067,0.335567,0.932397,180.872184,-0.011292,-1.439349
SIM-0375,0,parked_tipover,4780,0.001915,0.318934,0.965225,186.085909,-1.758902,0.516335
SIM-0375,0,parked_tipover,4790,0.014130,0.391528,0.917762,187.807449,-0.602332,-1.783952
SIM-0375,0,parked_tipover,4800,-0.000097,0.442638,0.880938,195.306954,0.238721,-2.578036
SIM-0375,0,parked_tipover,4810,-0.024037,0.458863,0.868832,200.184042,0.145746,-2.313828
SIM-0375,0,parked_tipover,4820,-0.058111,0.503206,0.827067,203.265122,1.010234,-0.414510
SIM-0375,0,parked_tipover,4830,0.000765,0.532848,0.845756,207.830634,0.661305,-3.602941
SIM-0375,0,parked_tipover,4840,0.006867,0.591920,0.840537,207.585514,1.660871,-0.780858
SIM-0375,0,parked_tipover,4850,-0.008221,0.569495,0.777456,209.935275,1.602059,0.126522
SIM-0375,0,parked_tipover,4860,0.044959,0.600183,0.795193,213.015955,-0.920075,-2.533761
SIM-0375,0,parked_tipover,4870,0.015809,0.638183,0.785486,213.961238,1.677260,-0.588413
SIM-0375,0,parked_tipover,4880,0.001153,0.682819,0.756106,215.438182,0.216399,0.411815
SIM-0375,0,parked_tipover,4890,0.003706,0.705404,0.722654,215.219246,-2.761092,3.101908
SIM-0375,0,parked_tipover,4900,0.032138,0.689817,0.665399,214.013323,1.906699,-2.342651
SIM-0375,0,parked_tipover,4910,-0.052793,0.715608,0.665334,215.484421,0.442248,1.221208
SIM-0375,0,parked_tipover,4920,0.001682,0.788266,0.627948,211.829897,-1.260805,2.112686
SIM-0375,0,parked_tipover,4930,-0.020482,0.800271,0.619580,209.699957,1.319249,-1.829004
SIM-0375,0,parked_tipover,4940,-0.009041,0.806722,0.541687,211.369881,0.249678,-1.557664
SIM-0375,0,parked_tipover,4950,0.003755,0.888641,0.539136,207.732871,0.738541,1.741152
SIM-0375,0,parked_tipover,4960,-0.024398,0.869679,0.506113,204.412025,-1.511144,-2.338311
SIM-0375,0,parked_tipover,4970,-0.008755,0.866797,0.449258,202.240649,-2.819373,0.682545
SIM-0375,0,parked_tipover,4980,0.007924,0.889950,0.433583,203.083700,-0.924188,0.263900
SIM-0375,0,parked_tipover,4990,-0.039837,0.917242,0.379242,195.939484,-0.787830,-0.495123
SIM-0375,0,parked_tipover,5000,-0.027733,0.895831,0.383845,192.708647,2.840821,-1.351996
SIM-0375,0,parked_tipover,5010,-0.006371,0.926800,0.316230,188.554686,-1.640020,-0.523206
SIM-0375,0,parked_tipover,5020,-0.006608,0.947137,0.375825,185.211096,0.179239,-0.944203
SIM-0375,0,parked_tipover,5030,0.029702,1.001234,0.259434,176.463300,1.320394,2.550272
SIM-0375,0,parked_tipover,5040,0.013829,0.973771,0.273131,171.146673,-1.383529,1.292695
SIM-0375,0,parked_tipover,5050,0.021042,1.003669,0.226977,165.852118,0.557959,0.679694
SIM-0375,0,parked_tipover,5060,0.020105,0.962342,0.180124,158.813328,-0.712344,-1.128416
SIM-0375,0,parked_tipover,5070,-0.029417,1.020307,0.161465,153.959570,-2.985997,-0.319688
SIM-0375,0,parked_tipover,5080,0.006167,1.021958,0.166943,146.284118,0.893208,-2.954454
SIM-0375,0,parked_tipover,5090,0.016848,1.006125,0.144333,141.064960,-0.419863,1.862138
SIM-0375,0,parked_tipover,5100,-0.016896,0.954503,0.080393,130.655216,-0.703961,-1.481363
SIM-0375,0,parked_tipover,5110,-0.038738,1.010391,0.125329,118.375917,-0.262940,0.195132
SIM-0375,0,parked_tipover,5120,-0.018087,1.000770,0.090147,114.746021,-1.109087,1.536598
SIM-0375,0,parked_tipover,5130,-0.000434,0.988257,0.123166,103.566727,2.520341,4.237629
SIM-0375,0,parked_tipover,5140,0.002775,0.979381,0.178888,91.517397,-0.471802,-0.649327
SIM-0375,0,parked_tipover,5150,-0.010950,0.958291,0.362015,83.288892,2.723024,-0.088720
SIM-0375,0,parked_tipover,5160,-0.012748,0.994921,0.594137,72.888203,-1.938237,-1.843839
SIM-0375,0,parked_tipover,5170,0.036873,1.004131,0.925083,65.127793,-0.324994,2.767237
SIM-0375,0,parked_tipover,5180,0.016402,0.974200,1.222617,52.312170,0.830183,-0.066252
SIM-0375,0,parked_tipover,5190,-0.027705,0.997372,1.476538,39.639998,-1.794309,1.231097
SIM-0375,0,parked_tipover,5200,-0.000916,0.978743,1.554177,27.446318,-2.510482,-0.264441
SIM-0375,0,parked_tipover,5210,-0.014909,0.988354,1.445718,13.340927,-0.604064,-0.372155
SIM-0375,0,parked_tipover,5220,-0.047695,1.044358,1.222797,4.716574,-0.042064,0.763651
SIM-0375,0,parked_tipover,5230,0.003253,1.005002,0.981798,-0.414259,-1.264278,-2.039308
SIM-0375,0,parked_tipover,5240,-0.008597,0.974519,0.670604,-3.636207,-1.964230,-0.013665
SIM-0375,0,parked_tipover,5250,0.012452,0.970057,0.371414,-1.485819,-0.490386,-1.451317
SIM-0375,0,parked_tipover,5260,-0.010860,0.969879,0.202390,1.135950,-1.174833,-0.265604
SIM-0375,0,parked_tipover,5270,0.009623,1.015677,0.051134,-0.542782,0.257933,1.490156
SIM-0375,0,parked_tipover,5280,-0.012251,0.933363,-0.015381,1.650196,-1.445278,0.024127
SIM-0375,0,parked_tipover,5290,0.031102,0.989828,-0.025464,-1.692164,0.314982,1.777417
SIM-0375,0,parked_tipover,5300,-0.013090,0.978235,-0.059258,-0.394760,-0.967874,0.947032
SIM-0375,0,parked_tipover,5310,0.045617,0.984245,-0.004847,1.056820,-0.060749,0.505435
SIM-0375,0,parked_tipover,5320,-0.030172,0.981370,-0.044439,-1.556326,-1.578192,2.182612
SIM-0375,0,parked_tipover,5330,-0.056025,0.987322,-0.056077,-0.307847,1.018054,-3.210163
SIM-0375,0,parked_tipover,5340,-0.021751,0.994789,-0.028847,-0.531443,-0.736245,-1.896480
SIM-0375,0,parked_tipover,5350,-0.006902,1.005061,-0.002951,-1.689438,-1.695354,-1.436315
SIM-0375,0,parked_tipover,5360,-0.002772,0.960220,-0.045192,0.567393,-4.102689,0.900552
SIM-0375,0,parked_tipover,5370,0.021422,0.977392,-0.082863,-2.515339,0.464344,0.253555
SIM-0375,0,parked_tipover,5380,-0.021747,0.993946,-0.055139,-1.545731,0.623882,1.270069
SIM-0375,0,parked_tipover,5390,-0.021488,0.990691,-0.035081,0.430145,2.089217,0.528898
SIM-0375,0,parked_tipover,5400,-0.006862,0.980139,-0.041299,-1.495823,-0.940315,0.610903
SIM-0375,0,parked_tipover,5410,0.006113,0.999042,-0.062451,-2.756354,-0.898336,0.773263
SIM-0375,0,parked_tipover,5420,0.031294,1.015118,-0.071873,0.716414,1.422232,-1.801501
SIM-0375,0,parked_tipover,5430,-0.006587,0.990824,-0.030704,0.402509,2.143958,0.018656
SIM-0375,0,parked_tipover,5440,0.005926,0.972779,-0.073598,1.486123,-0.287518,-0.811431
SIM-0375,0,parked_tipover,5450,-0.022229,1.045156,-0.062639,1.992042,0.691176,1.484203
SIM-0375,0,parked_tipover,5460,0.012036,0.983877,-0.054462,-0.266871,-0.015883,1.424375
SIM-0375,0,parked_tipover,5470,-0.050309,0.959534,-0.064907,0.114332,-2.129493,0.991989
SIM-0375,0,parked_tipover,5480,-0.028734,0.939858,-0.032398,0.685389,0.129698,0.144335
SIM-0375,0,parked_tipover,5490,0.008665,0.988033,-0.080555,-1.771479,1.315701,0.612542
SIM-0375,0,parked_tipover,5500,-0.009512,1.016446,-0.084366,0.738188,3.972433,-2.969228
SIM-0375,0,parked_tipover,5510,0.007699,0.984894,-0.046566,-2.780548,1.326601,-0.136177
SIM-0375,0,parked_tipover,5520,-0.027675,0.997930,-0.020290,0.619018,0.081864,-1.193767
SIM-0375,0,parked_tipover,5530,-0.011540,0.982874,-0.030368,-1.808083,0.555785,-2.677507
SIM-0375,0,parked_tipover,5540,0.025362,1.015006,-0.082270,-1.700944,0.447284,0.268985
SIM-0375,0,parked_tipover,5550,-0.003082,0.961196,-0.008888,1.450564,-1.124751,0.112384
SIM-0375,0,parked_tipover,5560,-0.001061,1.026013,-0.037171,-0.835032,-1.605881,-1.490280
SIM-0375,0,parked_tipover,5570,0.016038,0.977788,-0.047268,-1.552144,1.555468,-2.429586
SIM-0375,0,parked_tipover,5580,-0.005841,0.982955,-0.013043,0.168507,-2.033513,-1.181524
SIM-0375,0,parked_tipover,5590,-0.007693,0.960876,-0.011041,0.855901,-1.138183,0.947369
SIM-0375,0,parked_tipover,5600,-0.008870,0.976625,-0.065419,-2.578551,0.977175,-0.718628
SIM-0375,0,parked_tipover,5610,-0.023152,0.971548,-0.014855,-0.500696,-1.612026,-0.996686
SIM-0375,0,parked_tipover,5620,0.048301,0.950855,-0.043674,-1.932885,2.969594,1.555140
SIM-0375,0,parked_tipover,5630,-0.023256,1.021622,-0.046106,-0.176833,2.098805,-0.648889
SIM-0375,0,parked_tipover,5640,0.035407,1.021841,-0.009957,-4.004649,-2.049163,-0.627589
SIM-0375,0,parked_tipover,5650,-0.025315,0.984821,-0.051904,-1.872343,0.830687,-1.458410
SIM-0375,0,parked_tipover,5660,0.018138,0.991611,-0.049860,0.551839,1.494990,-0.954988
SIM-0375,0,parked_tipover,5670,0.007817,0.976833,-0.036438,-0.543299,0.177877,0.621350
SIM-0375,0,parked_tipover,5680,0.046149,0.968808,-0.064246,-2.266532,-2.966662,-0.066251
SIM-0375,0,parked_tipover,5690,0.023547,0.986623,-0.069395,-0.536480,-0.385505,0.388762
SIM-0375,0,parked_tipover,5700,-0.047066,0.971677,-0.025511,-0.360287,0.905380,-0.244573
SIM-0375,0,parked_tipover,5710,-0.028679,0.999248,-0.036531,-2.726949,3.228687,-0.466491
SIM-0375,0,parked_tipover,5720,0.004582,1.002539,-0.045608,-0.834174,0.668146,2.548357
SIM-0375,0,parked_tipover,5730,0.006158,1.022191,-0.070889,0.604415,-0.722693,1.683227
SIM-0375,0,parked_tipover,5740,-0.013954,0.986086,-0.029354,-2.834075,-0.604443,0.930147
SIM-0375,0,parked_tipover,5750,0.036850,0.991986,-0.036309,0.628417,-1.100551,1.241399
SIM-0375,0,parked_tipover,5760,-0.046090,0.967500,-0.053611,2.743564,-1.553479,0.339425
SIM-0375,0,parked_tipover,5770,-0.016685,0.984439,-0.091990,-0.144823,0.526287,-0.676074
SIM-0375,0,parked_tipover,5780,-0.031395,0.964783,-0.064717,-1.133176,-1.666230,-1.078389
SIM-0375,0,parked_tipover,5790,-0.020541,0.992903,-0.071334,0.708165,1.449834,-2.463386
SIM-0375,0,parked_tipover,5800,-0.006002,1.009988,-0.046032,2.246820,-0.512574,-0.692158
SIM-0375,0,parked_tipover,5810,-0.041402,0.964720,-0.071261,0.421845,-0.170135,-0.944006
SIM-0375,0,parked_tipover,5820,0.001438,0.979942,-0.058562,0.008124,1.582582,-2.736957
SIM-0375,0,parked_tipover,5830,0.007292,1.014878,-0.061609,-0.825829,1.970175,-3.247666
SIM-0375,0,parked_tipover,5840,-0.011485,1.009970,-0.083691,-0.564997,1.277996,0.190031
SIM-0375,0,parked_tipover,5850,-0.000644,0.973891,-0.079898,-0.166770,0.765223,0.617110
SIM-0375,0,parked_tipover,5860,0.002294,0.950888,-0.045903,-2.074981,-1.836604,2.912241
SIM-0375,0,parked_tipover,5870,-0.025377,0.952308,-0.038514,-1.359332,0.668333,-0.358858
SIM-0375,0,parked_tipover,5880,-0.084063,0.971855,-0.033334,-1.860383,-3.416309,1.513852
SIM-0375,0,parked_tipover,5890,-0.014875,0.965375,-0.061065,0.374201,1.229728,1.011441
SIM-0375,0,parked_tipover,5900,-0.013669,1.006816,-0.007188,-0.704912,2.745010,-1.382875
SIM-0375,0,parked_tipover,5910,-0.015422,1.000615,-0.033039,0.495185,-1.090177,0.109744
SIM-0375,0,parked_tipover,5920,-0.029647,1.072268,-0.069249,-0.257767,-0.059652,-0.749321
SIM-0375,0,parked_tipover,5930,-0.011696,0.973446,-0.049211,-0.481092,-3.482708,1.188266
SIM-0375,0,parked_tipover,5940,0.000924,0.969364,-0.028224,-1.841426,1.431234,-2.987976
SIM-0375,0,parked_tipover,5950,0.031836,1.000025,-0.017612,-0.937287,2.213718,-1.418779
SIM-0375,0,parked_tipover,5960,-0.023203,0.992143,-0.028288,-0.527082,-0.225652,1.013501
SIM-0375,0,parked_tipover,5970,-0.002199,0.987967,-0.058478,-0.984651,1.751430,0.916682
SIM-0375,0,parked_tipover,5980,-0.017859,1.003602,-0.054563,-1.865332,-0.486745,0.908048
SIM-0375,0,parked_tipover,5990,-0.039868,1.008704,-0.045376,-1.140394,-4.354847,0.365930
SIM-0375,0,parked_tipover,6000,0.007911,0.957389,-0.066763,0.620333,-0.520304,1.354298
SIM-0375,0,parked_tipover,6010,-0.004815,0.986455,-0.054434,-0.951459,1.441602,-2.101719
SIM-0375,0,parked_tipover,6020,0.007458,0.979144,-0.037671,-1.686503,1.370896,0.727079
SIM-0375,0,parked_tipover,6030,-0.020542,0.975708,-0.035239,0.100470,-1.263813,0.644172
SIM-0375,0,parked_tipover,6040,-0.011571,0.975730,-0.068575,-2.082076,-2.149879,1.463818
SIM-0375,0,parked_tipover,6050,-0.047599,0.971078,-0.017395,-0.623768,3.134071,0.097041
SIM-0375,0,parked_tipover,6060,0.001655,0.977874,-0.064581,0.543965,-4.290885,-0.193741
SIM-0375,0,parked_tipover,6070,0.001876,0.960511,-0.052453,-2.170254,-0.760426,-2.931427
SIM-0375,0,parked_tipover,6080,-0.037664,0.978672,-0.083154,-1.586327,0.928972,-0.115900
SIM-0375,0,parked_tipover,6090,-0.007637,1.033317,-0.056532,-0.785994,-0.116285,-0.011556
SIM-0375,0,parked_tipover,6100,0.001348,1.004878,-0.059723,-2.323646,1.043168,-0.150176
SIM-0375,0,parked_tipover,6110,0.005777,0.971644,-0.035808,-3.067082,0.396912,-1.505183
SIM-0375,0,parked_tipover,6120,0.021430,0.995800,-0.012716,-2.364026,-3.677501,-1.814242
SIM-0375,0,parked_tipover,6130,0.008010,0.935081,-0.054221,-0.872604,0.925099,-2.284726
SIM-0375,0,parked_tipover,6140,-0.052223,0.979396,-0.069054,-0.898205,-0.293004,-0.941119
SIM-0375,0,parked_tipover,6150,-0.026849,1.003976,-0.054267,-2.539847,0.918652,-1.543371
SIM-0375,0,parked_tipover,6160,-0.000114,0.952629,-0.079949,0.735078,0.469257,2.485916
SIM-0375,0,parked_tipover,6170,0.031121,1.012067,-0.063893,0.863445,1.514168,1.577795
SIM-0375,0,parked_tipover,6180,0.009765,0.983198,-0.021602,-1.487795,-1.593486,2.925174
SIM-0375,0,parked_tipover,6190,0.002517,0.983787,-0.042971,-2.663146,-1.562536,-1.354394
SIM-0375,0,parked_tipover,6200,-0.014605,0.992418,-0.050015,-4.482465,-1.129576,0.723650
SIM-0375,0,parked_tipover,6210,-0.041757,0.975436,-0.048818,-1.842526,-2.243304,-0.048610
SIM-0375,0,parked_tipover,6220,-0.009208,1.006349,-0.040420,2.296687,-1.336575,1.261291
SIM-0375,0,parked_tipover,6230,0.007009,0.984400,-0.055076,-1.660244,1.541989,1.048989
SIM-0375,0,parked_tipover,6240,-0.036812,0.990274,-0.018461,2.374623,2.004798,0.057658
SIM-0375,0,parked_tipover,6250,0.018414,1.058656,-0.061329,0.332686,-3.464038,3.995916
SIM-0375,0,parked_tipover,6260,0.011536,0.977601,-0.069618,1.443347,1.274015,0.850102
SIM-0375,0,parked_tipover,6270,-0.033949,0.973558,-0.013042,-1.182197,-0.544962,0.382563
SIM-0375,0,parked_tipover,6280,0.005751,0.970924,-0.043619,0.055933,-1.434287,-0.888801
SIM-0375,0,parked_tipover,6290,-0.041385,0.996198,-0.051276,-1.239784,1.166357,-2.311575
SIM-0375,0,parked_tipover,6300,-0.008855,1.022651,-0.016478,-1.479844,-1.179208,-0.858282
SIM-0375,0,parked_tipover,6310,-0.036255,0.957919,-0.033077,-1.994817,0.485340,-0.676853
SIM-0375,0,parked_tipover,6320,0.016604,0.985536,-0.039801,0.436074,-1.227495,-2.556198
SIM-0375,0,parked_tipover,6330,0.000421,0.966502,-0.058680,-2.113983,-0.133902,0.832021
SIM-0375,0,parked_tipover,6340,-0.010902,0.940629,-0.056797,-2.183842,3.130875,-0.364746
SIM-0375,0,parked_tipover,6350,0.007991,0.975283,-0.112231,-0.936184,0.048044,1.652034
SIM-0375,0,parked_tipover,6360,-0.018506,1.009831,-0.053780,0.978624,-1.239367,1.775850
SIM-0375,0,parked_tipover,6370,-0.032186,0.984507,-0.050702,0.918946,-1.572513,-3.528369
SIM-0375,0,parked_tipover,6380,-0.007014,0.991740,-0.060522,-0.158811,-2.624888,-0.411285
SIM-0375,0,parked_tipover,6390,-0.017644,1.018848,-0.062220,-2.652347,0.256348,0.131441
SIM-0375,0,parked_tipover,6400,-0.019238,0.980952,-0.066315,-0.036060,1.864848,-2.995608
SIM-0375,0,parked_tipover,6410,-0.026714,1.037701,-0.062634,0.087357,-4.303950,-3.008859
SIM-0375,0,parked_tipover,6420,0.009218,0.971538,-0.077832,-0.091616,3.807335,-2.914639
SIM-0375,0,parked_tipover,6430,0.025511,0.990656,-0.044398,-0.436870,3.212448,0.630692
SIM-0375,0,parked_tipover,6440,0.022343,0.966907,-0.047157,-1.217347,-0.091574,2.695742
SIM-0375,0,parked_tipover,6450,-0.040064,0.990548,-0.066620,-2.999388,-0.679417,-1.154319
SIM-0375,0,parked_tipover,6460,-0.020967,0.954712,-0.092730,1.029286,-0.791145,1.283633
SIM-0375,0,parked_tipover,6470,-0.001066,0.993510,-0.030936,-1.960275,0.465787,-0.715739
SIM-0375,0,parked_tipover,6480,-0.009674,0.993807,-0.043389,-0.726940,1.392013,-1.489535
SIM-0375,0,parked_tipover,6490,-0.020677,0.957747,-0.036847,-0.511104,-0.866062,0.131559
SIM-0375,0,parked_tipover,6500,-0.016955,0.924580,-0.027834,-0.112583,1.190617,0.275729
SIM-0375,0,parked_tipover,6510,0.035746,1.013122,-0.095806,-0.599811,1.706239,0.112709
SIM-0375,0,parked_tipover,6520,-0.009677,1.007945,-0.068960,-1.166643,-3.488566,0.444709
SIM-0375,0,parked_tipover,6530,-0.000853,1.003923,-0.042673,0.144451,0.690215,-0.574282
SIM-0375,0,parked_tipover,6540,-0.019582,0.993703,-0.038707,1.102824,-1.257290,-1.212493
SIM-0375,0,parked_tipover,6550,-0.015027,0.992810,-0.058064,-0.572112,1.531073,-1.173015
SIM-0375,0,parked_tipover,6560,-0.011561,0.975176,-0.058757,-1.894782,1.486343,-0.258320
SIM-0375,0,parked_tipover,6570,-0.015666,0.974876,-0.051823,0.502792,0.710701,1.684568
SIM-0375,0,parked_tipover,6580,-0.052424,0.982659,-0.032172,0.151485,-2.062716,-2.697934
SIM-0375,0,parked_tipover,6590,0.033415,0.981019,-0.057268,0.172934,0.964862,0.500707
SIM-0375,0,parked_tipover,6600,0.014301,0.977991,-0.062787,-1.586104,3.089760,-0.367171
SIM-0375,0,parked_tipover,6610,-0.011803,0.978861,-0.083786,0.890559,-1.234989,-0.136301
SIM-0375,0,parked_tipover,6620,-0.006361,0.988429,-0.034292,0.727714,0.199885,0.623697
SIM-0375,0,parked_tipover,6630,0.013531,0.991608,-0.059728,-0.974044,-0.889084,-0.384414
SIM-0375,0,parked_tipover,6640,0.038674,0.953811,-0.061884,-2.038918,0.611642,0.767199
SIM-0375,0,parked_tipover,6650,-0.002077,0.994967,-0.036164,-0.247580,3.706839,1.894543
SIM-0375,0,parked_tipover,6660,0.016354,1.012625,-0.063704,0.949845,-1.322572,0.313127
SIM-0375,0,parked_tipover,6670,-0.018235,0.948977,-0.092029,-1.119098,-0.569291,-0.974027
SIM-0375,0,parked_tipover,6680,-0.009585,0.969035,-0.074487,-0.087778,-3.464730,0.317425
SIM-0375,0,parked_tipover,6690,0.060325,1.030437,-0.038539,1.207074,-0.209934,0.127465
SIM-0375,0,parked_tipover,6700,-0.016977,0.937835,-0.060814,-1.521525,0.151481,-1.147578
SIM-0375,0,parked_tipover,6710,-0.016335,0.970560,-0.028964,-1.588637,0.720464,1.655182
SIM-0375,0,parked_tipover,6720,-0.037632,0.972544,-0.082118,1.493453,0.206249,-0.696852
SIM-0375,0,parked_tipover,6730,0.001793,0.990952,-0.060180,1.285364,-1.837264,-0.072520
SIM-0375,0,parked_tipover,6740,0.009197,0.991000,-0.073101,3.821306,-0.952864,0.437150
SIM-0375,0,parked_tipover,6750,0.043744,0.990455,-0.074225,-1.437671,-3.393137,0.623103
SIM-0375,0,parked_tipover,6760,-0.000383,0.964244,-0.073433,0.907741,-1.216761,-3.015064
SIM-0375,0,parked_tipover,6770,0.009974,0.994352,-0.005398,-1.018146,-1.232596,0.441303
SIM-0375,0,parked_tipover,6780,0.011635,0.962170,-0.073665,-0.514824,-2.648503,1.091980
SIM-0375,0,parked_tipover,6790,0.024562,1.007778,-0.009743,-0.625697,-0.091682,-0.911116
SIM-0375,0,parked_tipover,6800,0.012214,0.957935,-0.072184,0.378497,-1.278122,0.481365
SIM-0375,0,parked_tipover,6810,0.004068,0.950516,-0.034648,-0.321321,1.173569,1.266549
SIM-0375,0,parked_tipover,6820,0.012134,0.967294,-0.081690,1.396210,0.466341,-0.774235
SIM-0375,0,parked_tipover,6830,-0.000024,0.972583,-0.067370,-3.057237,-0.071680,-1.142641
SIM-0375,0,parked_tipover,6840,-0.004949,0.998595,-0.101385,0.585247,-1.676518,-0.630064
SIM-0375,0,parked_tipover,6850,0.001551,1.002219,-0.082121,1.269054,0.335956,-0.503305
SIM-0375,0,parked_tipover,6860,0.008217,0.964348,-0.064644,-0.115956,1.172365,1.441663
SIM-0375,0,parked_tipover,6870,-0.003403,0.963837,-0.041208,1.029779,-0.744256,-1.742023
SIM-0375,0,parked_tipover,6880,-0.033942,0.942917,-0.027241,-0.774662,1.857381,-1.863105
SIM-0375,0,parked_tipover,6890,-0.014847,0.945730,-0.052253,0.555053,-1.417285,-1.918433
SIM-0375,0,parked_tipover,6900,-0.029989,0.994789,-0.045673,-0.144279,-2.232763,0.567159
SIM-0375,0,parked_tipover,6910,-0.032659,0.996093,-0.048135,0.974363,-2.815843,-1.193925
SIM-0375,0,parked_tipover,6920,-0.004021,0.998980,-0.045849,-0.415782,1.291243,-1.471998
SIM-0375,0,parked_tipover,6930,0.026438,1.007172,-0.034949,0.554981,0.771228,-2.854247
SIM-0375,0,parked_tipover,6940,-0.001062,1.009709,-0.046089,0.662511,-0.020782,0.470477
SIM-0375,0,parked_tipover,6950,-0.011726,0.987348,-0.060691,0.481802,-1.226541,0.761937
SIM-0375,0,parked_tipover,6960,0.000013,0.998410,-0.010025,1.225230,-0.884901,-1.838838
SIM-0375,0,parked_tipover,6970,-0.016289,0.957988,-0.049589,-1.710712,0.549047,0.074834
SIM-0375,0,parked_tipover,6980,-0.066730,1.008581,-0.041916,4.774173,1.147036,0.966257
SIM-0375,0,parked_tipover,6990,-0.027573,0.983564,-0.070785,-1.099645,0.571917,-1.976560
SIM-0375,0,parked_tipover,7000,-0.006549,1.017677,-0.064248,0.475258,-1.241076,-2.823923
SIM-0375,0,parked_tipover,7010,0.007043,0.964915,-0.043075,0.301551,0.682020,0.572868
SIM-0375,0,parked_tipover,7020,0.043574,0.974607,-0.009328,-1.220005,-0.249014,0.409520
SIM-0375,0,parked_tipover,7030,-0.024453,1.014610,-0.063372,-1.517907,-0.135663,-1.128435
SIM-0375,0,parked_tipover,7040,-0.052281,0.996490,-0.079541,0.168334,-1.040624,-1.085536
SIM-0375,0,parked_tipover,7050,0.002334,0.954430,-0.027075,-3.236360,-0.835875,0.461991
SIM-0375,0,parked_tipover,7060,-0.017943,0.974269,-0.060094,1.291374,0.538418,-0.805654
SIM-0375,0,parked_tipover,7070,-0.026019,0.974470,-0.038555,3.589152,-0.236304,-2.335753
SIM-0375,0,parked_tipover,7080,-0.027533,0.977444,-0.049070,-0.707287,-0.225215,-2.529525
SIM-0375,0,parked_tipover,7090,0.065527,0.999210,-0.020854,0.135434,-1.994493,-1.823979
SIM-0375,0,parked_tipover,7100,-0.015760,0.974912,-0.041753,0.610161,-2.586712,-1.469473
SIM-0375,0,parked_tipover,7110,0.024603,0.959350,-0.029934,-0.707480,0.332616,-3.018305
SIM-0375,0,parked_tipover,7120,0.002195,0.990432,-0.040994,-0.467396,1.141665,1.089726
SIM-0375,0,parked_tipover,7130,0.009933,1.018329,-0.056144,-2.034456,0.680263,-0.426920
SIM-0375,0,parked_tipover,7140,-0.012775,1.001540,-0.055550,-1.411292,0.352473,-2.906197
SIM-0375,0,parked_tipover,7150,-0.014350,1.009727,-0.034796,-0.714311,-0.581443,-0.114089
SIM-0375,0,parked_tipover,7160,-0.034832,1.001640,-0.071096,1.860722,-0.480916,2.042315
SIM-0375,0,parked_tipover,7170,-0.001960,0.985045,-0.062026,0.925791,1.497539,1.058535
SIM-0375,0,parked_tipover,7180,0.041772,1.017767,-0.048133,0.122024,0.928804,0.919853
SIM-0375,0,parked_tipover,7190,0.007240,0.950435,-0.050783,-0.850793,0.724994,1.968791
SIM-0375,0,parked_tipover,7200,-0.018668,1.026012,-0.044645,-1.140577,1.454709,0.754197
SIM-0375,0,parked_tipover,7210,0.005973,0.991378,-0.051364,-0.815260,-0.220965,-0.573192
SIM-0375,0,parked_tipover,7220,0.021994,0.964394,-0.025209,0.317748,-2.090051,2.451901
SIM-0375,0,parked_tipover,7230,0.011146,1.002611,-0.026688,-1.740391,-1.258143,-0.295541
SIM-0375,0,parked_tipover,7240,0.014677,0.972589,-0.085937,-1.336203,-1.355068,-0.940368
SIM-0375,0,parked_tipover,7250,-0.010331,1.011992,-0.098222,-0.006215,1.328957,-0.667234
SIM-0375,0,parked_tipover,7260,0.022665,1.004879,-0.053423,-0.049917,-0.388123,-0.217951
SIM-0375,0,parked_tipover,7270,-0.039586,0.997603,-0.056152,0.920055,1.512626,-2.329893
SIM-0375,0,parked_tipover,7280,0.022702,0.967781,-0.059702,-3.996264,1.588582,0.326585
SIM-0375,0,parked_tipover,7290,0.012726,0.966363,-0.036782,-1.608423,-0.926884,0.058585
SIM-0375,0,parked_tipover,7300,-0.003819,1.003996,-0.066443,-0.879758,1.228822,-0.295367
SIM-0375,0,parked_tipover,7310,0.009959,1.020178,-0.035347,0.072489,0.174271,-0.473125
SIM-0375,0,parked_tipover,7320,0.013906,0.974921,-0.046330,-1.145765,1.052064,-0.083106
SIM-0375,0,parked_tipover,7330,0.011808,1.014013,-0.018714,-0.399443,-0.514596,0.263193
SIM-0375,0,parked_tipover,7340,-0.032202,0.987644,-0.091865,0.225526,-0.339562,-0.580796
SIM-0375,0,parked_tipover,7350,-0.040365,0.971711,-0.061601,-2.303447,0.083484,0.620919
SIM-0375,0,parked_tipover,7360,0.031338,0.990213,-0.032428,0.175349,-0.448897,-1.229223
SIM-0375,0,parked_tipover,7370,-0.028173,1.002824,-0.044165,1.332556,-0.227313,-1.926177
SIM-0375,0,parked_tipover,7380,-0.032180,0.962466,-0.073946,-1.850761,-0.826963,0.296782
SIM-0375,0,parked_tipover,7390,-0.029021,0.964546,-0.049376,-2.356132,0.286884,-3.105238
SIM-0375,0,parked_tipover,7400,-0.003803,0.986045,-0.045498,-1.919093,-0.246412,-0.259661
SIM-0375,0,parked_tipover,7410,-0.041796,0.970874,-0.041416,-2.191454,-0.971850,-4.080480
SIM-0375,0,parked_tipover,7420,0.028541,0.982429,-0.041464,-2.100365,-1.768959,3.211771
SIM-0375,0,parked_tipover,7430,0.028568,0.977104,-0.021570,0.911495,1.263819,-0.204766
SIM-0375,0,parked_tipover,7440,-0.010996,0.994095,-0.037583,-0.280114,0.234024,0.123161
SIM-0375,0,parked_tipover,7450,0.017814,0.987604,-0.046791,-0.303264,2.183041,-1.759114
SIM-0375,0,parked_tipover,7460,-0.026595,0.971546,-0.069260,0.806460,0.355761,-0.773041
SIM-0375,0,parked_tipover,7470,0.013146,0.985814,-0.058190,-2.449897,0.006681,1.047794
SIM-0375,0,parked_tipover,7480,0.004697,0.993347,-0.065923,1.475093,1.435977,-2.893049
SIM-0375,0,parked_tipover,7490,-0.009696,0.978824,-0.037708,0.623840,1.612356,-2.491434
SIM-0375,0,parked_tipover,7500,0.002915,0.978947,-0.031165,-1.493631,-0.014371,1.284585
SIM-0375,0,parked_tipover,7510,-0.051113,0.959891,-0.038599,-2.294233,-2.404678,-1.484166
SIM-0375,0,parked_tipover,7520,0.040264,0.964958,-0.056809,-0.205340,-1.223636,0.918210
SIM-0375,0,parked_tipover,7530,0.022986,0.959122,-0.092195,-0.064754,-2.150875,-3.950422
SIM-0375,0,parked_tipover,7540,-0.008289,0.979866,-0.057433,-2.280005,1.165957,-1.634393
SIM-0375,0,parked_tipover,7550,-0.019942,0.987587,-0.049459,2.057661,-1.758862,1.515447
SIM-0375,0,parked_tipover,7560,0.015408,0.994201,-0.066253,-1.983279,-1.719995,-0.292581
SIM-0375,0,parked_tipover,7570,-0.007613,0.961387,-0.056755,0.176057,0.905539,-0.148773
SIM-0375,0,parked_tipover,7580,-0.044981,0.987310,-0.060856,1.362752,-0.012681,-0.494726
SIM-0375,0,parked_tipover,7590,0.004755,1.000010,-0.061244,-0.276553,-0.790710,-2.104985
SIM-0375,0,parked_tipover,7600,0.000199,0.988475,-0.032883,-1.808309,-0.617775,0.488179
SIM-0375,0,parked_tipover,7610,-0.002168,0.968249,-0.064636,-0.808589,-0.416409,1.083363
SIM-0375,0,parked_tipover,7620,0.001664,1.012374,-0.046547,0.417165,1.517801,-4.323544
SIM-0375,0,parked_tipover,7630,-0.006082,0.936088,-0.059516,-0.658645,-0.897703,0.916665
SIM-0375,0,parked_tipover,7640,0.018201,1.021075,-0.048130,-0.423673,1.322901,-1.480543
SIM-0375,0,parked_tipover,7650,-0.000022,0.987576,-0.062694,-1.380890,1.599556,-1.202246
SIM-0375,0,parked_tipover,7660,0.011680,0.991856,-0.023487,0.212326,-1.527493,-0.308341
SIM-0375,0,parked_tipover,7670,-0.001307,1.011795,-0.054370,1.645076,1.064884,-2.700111
SIM-0375,0,parked_tipover,7680,-0.058577,0.963126,-0.030798,-2.677205,2.642814,1.745800
SIM-0375,0,parked_tipover,7690,-0.006193,0.945187,-0.005368,1.610607,0.561219,0.979086
SIM-0375,0,parked_tipover,7700,0.025782,1.012548,-0.079427,0.143778,0.815990,1.669773
SIM-0375,0,parked_tipover,7710,-0.008924,1.029520,-0.081093,-0.112741,0.202497,1.458549
SIM-0375,0,parked_tipover,7720,0.038307,1.001403,-0.066114,-0.610878,-1.297402,-0.024013
SIM-0375,0,parked_tipover,7730,-0.013367,1.004606,-0.097154,-0.240663,1.076823,-1.811827
SIM-0375,0,parked_tipover,7740,0.014763,0.970748,-0.105088,-2.025585,1.294003,-0.403716
SIM-0375,0,parked_tipover,7750,0.006667,1.006572,-0.061617,-1.256361,-0.472384,2.443943
SIM-0375,0,parked_tipover,7760,-0.028446,0.961411,-0.051987,0.231149,-2.488893,-0.304769
SIM-0375,0,parked_tipover,7770,0.010503,0.953151,-0.055558,-1.467493,-0.546914,1.189051
SIM-0375,0,parked_tipover,7780,0.015712,0.974564,-0.015373,-4.074209,-2.890317,-2.476173
SIM-0375,0,parked_tipover,7790,0.029721,1.005360,-0.034720,-1.669962,0.917216,-2.741640
SIM-0375,0,parked_tipover,7800,-0.026588,0.985467,-0.025981,0.429628,-1.542393,-0.248505
SIM-0375,0,parked_tipover,7810,-0.016005,0.982035,-0.062445,0.427296,0.774227,-0.178072
SIM-0375,0,parked_tipover,7820,-0.026750,0.953649,-0.056998,-2.786349,1.348223,1.508662
SIM-0375,0,parked_tipover,7830,-0.001227,1.004976,-0.044559,-0.195552,-1.061247,0.920267
SIM-0375,0,parked_tipover,7840,0.035471,0.984650,-0.075380,-1.322093,0.658592,-2.023189
SIM-0375,0,parked_tipover,7850,0.015345,1.009369,-0.077147,-2.151558,0.986234,0.180941
SIM-0375,0,parked_tipover,7860,-0.008528,1.013296,-0.040602,0.966747,-1.574705,-3.477459
SIM-0375,0,parked_tipover,7870,-0.056987,0.988590,-0.083414,0.132004,2.038427,-0.397940
SIM-0375,0,parked_tipover,7880,0.003965,0.976355,-0.066768,1.146061,-0.127044,1.620360
SIM-0375,0,parked_tipover,7890,-0.010303,1.009876,-0.025111,-0.262869,0.343954,-0.229630
SIM-0375,0,parked_tipover,7900,-0.036460,0.991420,-0.013465,2.805050,1.752218,-0.864264
SIM-0375,0,parked_tipover,7910,-0.015823,0.981786,-0.037888,-3.099573,-3.452031,0.725904
SIM-0375,0,parked_tipover,7920,0.007750,0.951119,-0.049678,-2.155921,1.218307,0.990457
SIM-0375,0,parked_tipover,7930,-0.015345,0.961538,-0.049600,-0.057617,0.367980,-1.224854
SIM-0375,0,parked_tipover,7940,0.023904,0.959656,-0.061005,-0.609551,-0.508423,0.558754
SIM-0375,0,parked_tipover,7950,0.012448,0.997270,-0.066097,-0.979311,0.469596,-0.481841
SIM-0375,0,parked_tipover,7960,0.038122,0.987870,-0.044604,-2.304881,1.664282,0.906908
SIM-0375,0,parked_tipover,7970,-0.001835,0.988613,-0.020174,-0.408896,-2.761823,-1.626149
SIM-0375,0,parked_tipover,7980,-0.005860,0.972995,-0.016621,0.708339,-0.216162,1.075409
SIM-0375,0,parked_tipover,7990,0.032323,0.974361,-0.016981,1.170794,-1.200767,-2.366421
SIM-0375,0,parked_tipover,8000,-0.002334,0.961363,-0.050800,-0.643338,-0.427739,-2.200966
SIM-0375,0,parked_tipover,8010,0.022211,0.987578,-0.027811,-0.535161,0.856779,-2.459239
SIM-0375,0,parked_tipover,8020,-0.010469,0.998935,-0.077779,-2.957807,2.252424,0.613140
SIM-0375,0,parked_tipover,8030,-0.014682,0.978993,-0.027423,-2.982978,3.039186,-1.082890
SIM-0375,0,parked_tipover,8040,-0.057514,0.968749,-0.063084,0.301084,-0.028523,-0.456629
SIM-0375,0,parked_tipover,8050,-0.001502,0.970645,-0.058103,0.565157,0.277810,0.089325
SIM-0375,0,parked_tipover,8060,0.000347,0.978786,-0.073872,0.980208,-0.150523,1.770759
SIM-0375,0,parked_tipover,8070,0.004430,0.999105,-0.030379,0.242269,-0.470562,-0.674649
SIM-0375,0,parked_tipover,8080,-0.019709,0.952649,-0.056793,-0.156882,-0.559589,1.264905
SIM-0375,0,parked_tipover,8090,-0.021197,1.002736,-0.044240,-1.411246,-1.453002,-1.837388
SIM-0375,0,parked_tipover,8100,-0.031620,0.971273,-0.105515,0.813185,-2.440564,-0.750558
SIM-0375,0,parked_tipover,8110,0.014234,0.996977,-0.019976,-0.219787,0.351512,-1.570782
SIM-0375,0,parked_tipover,8120,0.008122,1.023833,-0.022527,0.166885,1.376645,-2.859849
SIM-0375,0,parked_tipover,8130,-0.002369,0.986193,-0.023322,-1.854350,-0.466458,0.241376
SIM-0375,0,parked_tipover,8140,-0.025036,1.012475,-0.048531,0.421505,1.661660,-1.558540
SIM-0375,0,parked_tipover,8150,0.035799,0.935332,-0.052632,-0.565631,-2.036090,-0.713243
SIM-0375,0,parked_tipover,8160,-0.010290,1.000393,-0.086828,-1.592071,0.964216,2.950014
SIM-0375,0,parked_tipover,8170,-0.033808,0.997741,-0.048796,-3.591399,-0.358100,0.553705
SIM-0375,0,parked_tipover,8180,0.009206,0.978757,-0.077963,-5.111864,0.059084,2.415899
SIM-0375,0,parked_tipover,8190,-0.005408,0.976621,-0.025795,-1.604355,1.192285,2.139219
SIM-0375,0,parked_tipover,8200,0.008013,0.970565,-0.049589,-3.981669,0.215621,-0.289501
SIM-0375,0,parked_tipover,8210,0.004217,0.997607,-0.057131,0.722380,1.415557,0.517419
SIM-0375,0,parked_tipover,8220,-0.026653,0.965780,-0.033824,-2.469367,0.141871,0.599827
SIM-0375,0,parked_tipover,8230,0.005613,0.984579,-0.069350,-0.847144,2.017710,2.311483
SIM-0375,0,parked_tipover,8240,-0.028905,0.961532,-0.042385,-1.731242,-4.889699,-0.719201
SIM-0375,0,parked_tipover,8250,0.002168,1.051075,-0.084768,-1.580775,-4.067477,-0.188006
SIM-0375,0,parked_tipover,8260,0.000630,0.979012,-0.044560,-2.510522,1.518841,-0.122507
SIM-0375,0,parked_tipover,8270,-0.034896,0.990313,-0.052999,-2.284117,-0.683503,-2.460805
SIM-0375,0,parked_tipover,8280,-0.011765,1.003137,-0.053175,0.423053,0.799286,0.576943
SIM-0375,0,parked_tipover,8290,0.000941,0.973456,-0.096796,-1.295344,-0.715168,-0.288273
SIM-0375,0,parked_tipover,8300,-0.035873,0.965356,-0.050660,-3.160748,1.622414,-1.792669
SIM-0375,0,parked_tipover,8310,0.001769,0.948222,-0.045738,-1.530070,-1.069246,2.259463
SIM-0375,0,parked_tipover,8320,0.009252,0.943250,-0.018199,-0.124810,0.637892,-3.643874
SIM-0375,0,parked_tipover,8330,0.001522,0.981406,-0.041053,-1.036261,-0.667067,-1.843608
SIM-0375,0,parked_tipover,8340,0.006587,0.960231,-0.074509,-1.884861,1.855852,1.005126
SIM-0375,0,parked_tipover,8350,0.013475,1.019464,0.002106,-0.771193,0.651328,1.576581
SIM-0375,0,parked_tipover,8360,-0.008220,1.008572,-0.085836,-1.442070,-0.655887,0.970411
SIM-0375,0,parked_tipover,8370,0.010016,0.987332,-0.005584,-3.346386,-2.646183,1.821027
SIM-0375,0,parked_tipover,8380,0.017145,1.014782,-0.064789,-1.929143,-2.657515,1.465595
SIM-0375,0,parked_tipover,8390,-0.008414,0.960112,-0.079399,-0.711152,0.497237,2.396365
SIM-0375,0,parked_tipover,8400,-0.046138,0.975058,-0.047023,-0.648110,0.861075,-2.696319
SIM-0375,0,parked_tipover,8410,-0.021118,0.997610,-0.033454,2.472804,-2.577081,-1.308152
SIM-0375,0,parked_tipover,8420,0.003343,0.994574,-0.109886,0.405204,-1.491594,-0.491283
SIM-0375,0,parked_tipover,8430,0.012777,0.996702,-0.038777,-1.562118,0.980564,0.157983
SIM-0375,0,parked_tipover,8440,-0.015580,0.962867,-0.070793,1.930919,-0.785945,-1.415854
SIM-0375,0,parked_tipover,8450,-0.016448,1.008461,-0.020971,2.990841,-2.064566,0.926071
SIM-0375,0,parked_tipover,8460,0.028808,0.963707,-0.047509,0.317618,0.968066,-0.542370
SIM-0375,0,parked_tipover,8470,-0.012086,0.988451,-0.058105,-0.923837,-0.260322,-1.145969
SIM-0375,0,parked_tipover,8480,-0.006443,0.989333,-0.042904,1.154172,2.486398,-0.163231
SIM-0375,0,parked_tipover,8490,-0.006461,0.989421,-0.072478,-2.467015,-2.240261,-3.264277
SIM-0375,0,parked_tipover,8500,-0.025118,0.987098,-0.065751,-1.086868,1.796922,2.151010
SIM-0375,0,parked_tipover,8510,-0.006954,0.997120,-0.016344,-2.268421,-1.689496,0.169929
SIM-0375,0,parked_tipover,8520,0.007635,0.966186,-0.032208,-3.385663,-1.278663,-0.818348
SIM-0375,0,parked_tipover,8530,-0.008621,1.014483,-0.057768,-4.060292,1.281406,2.894423
SIM-0375,0,parked_tipover,8540,-0.025068,1.018411,-0.004913,-2.314961,2.014391,1.736797
SIM-0375,0,parked_tipover,8550,0.010915,0.988343,-0.053138,0.064745,-2.907462,2.093044
SIM-0375,0,parked_tipover,8560,0.026478,1.021217,-0.098299,-0.022369,2.167240,-0.826996
SIM-0375,0,parked_tipover,8570,0.001037,0.980740,-0.046206,-1.696485,1.061571,-0.562697
SIM-0375,0,parked_tipover,8580,-0.031274,0.980925,-0.054059,-2.202365,1.149144,-0.043969
SIM-0375,0,parked_tipover,8590,-0.012273,0.998125,-0.052044,1.514344,0.166199,-0.072024
SIM-0375,0,parked_tipover,8600,0.006338,0.996981,-0.022428,0.959100,-0.103058,-0.083219
SIM-0375,0,parked_tipover,8610,0.017585,0.971098,-0.017282,-2.489177,0.040692,0.926565
SIM-0375,0,parked_tipover,8620,-0.021752,1.000875,-0.019148,-1.083425,0.086149,-0.511289
SIM-0375,0,parked_tipover,8630,-0.021973,1.003445,-0.064543,-1.862699,0.651092,-1.871793
SIM-0375,0,parked_tipover,8640,-0.004065,1.002705,-0.065384,-0.512622,1.069438,-2.955715
SIM-0375,0,parked_tipover,8650,-0.018156,0.981728,-0.092245,-1.148164,-0.281677,-0.161394
SIM-0375,0,parked_tipover,8660,0.017206,0.983809,-0.026358,-2.185050,2.489755,1.292347
SIM-0375,0,parked_tipover,8670,-0.015809,0.949437,-0.085280,-1.609279,-2.948763,-0.385517
SIM-0375,0,parked_tipover,8680,0.014017,0.966535,-0.040213,0.404435,1.248710,1.165448
SIM-0375,0,parked_tipover,8690,-0.023850,0.984726,-0.056450,-0.477067,1.950151,0.326093
SIM-0375,0,parked_tipover,8700,0.002036,0.985855,-0.036180,-1.922370,1.167981,-0.790998
SIM-0375,0,parked_tipover,8710,-0.023738,1.002579,-0.027407,-1.916358,-1.039463,0.260513
SIM-0375,0,parked_tipover,8720,0.025153,1.003237,-0.032093,2.153896,0.539397,-1.011478
SIM-0375,0,parked_tipover,8730,0.004024,1.008877,-0.067984,-1.477320,-2.138093,-0.261297
SIM-0375,0,parked_tipover,8740,-0.024240,1.007467,-0.060217,-0.826961,-0.204858,-0.232561
SIM-0375,0,parked_tipover,8750,-0.003489,0.941663,-0.050602,-0.583115,0.674050,1.790788
SIM-0375,0,parked_tipover,8760,-0.008014,0.932670,-0.037956,-1.112572,1.660285,-0.429675
SIM-0375,0,parked_tipover,8770,-0.002699,0.951783,-0.059976,-1.774758,-1.822726,1.292078
SIM-0375,0,parked_tipover,8780,-0.022603,0.971271,-0.019037,-2.056216,-2.181312,-0.446318
SIM-0375,0,parked_tipover,8790,-0.078872,0.977136,-0.049213,0.974610,0.253568,-2.540916
SIM-0375,0,parked_tipover,8800,0.014042,0.981408,-0.071372,0.059716,-0.188204,-1.395666
SIM-0375,0,parked_tipover,8810,-0.005631,1.002451,-0.070168,0.476577,1.050627,1.075884
SIM-0375,0,parked_tipover,8820,-0.013743,0.986050,-0.041030,0.691762,-2.087013,2.268498
SIM-0375,0,parked_tipover,8830,-0.014519,1.006574,-0.026737,0.621117,-0.385147,0.514935
SIM-0375,0,parked_tipover,8840,-0.043456,0.979992,-0.025362,-1.506116,-1.147135,-0.458082
SIM-0375,0,parked_tipover,8850,-0.001795,0.969973,-0.044058,0.015204,1.401313,0.242552
SIM-0375,0,parked_tipover,8860,0.002733,0.967192,-0.077097,-0.046125,-1.204647,0.791313
SIM-0375,0,parked_tipover,8870,-0.021055,0.986198,-0.049706,0.809129,1.183971,-0.810483
SIM-0375,0,parked_tipover,8880,-0.032552,0.933759,-0.041229,-0.190309,0.355858,-1.014944
SIM-0375,0,parked_tipover,8890,-0.081176,0.980708,-0.006266,-2.494509,1.031638,-0.070142
SIM-0375,0,parked_tipover,8900,-0.027226,0.964330,-0.026709,0.951359,0.076433,-1.149637
SIM-0375,0,parked_tipover,8910,-0.033236,1.004007,-0.032209,0.342280,-4.029650,-1.160045
SIM-0375,0,parked_tipover,8920,-0.006869,0.959382,-0.013291,0.840015,-0.132508,-0.932123
SIM-0375,0,parked_tipover,8930,-0.013811,1.022161,-0.091279,-1.739596,-1.131824,-1.842039
SIM-0375,0,parked_tipover,8940,0.002148,0.994631,-0.059213,-2.738001,0.554135,-1.205647
SIM-0375,0,parked_tipover,8950,0.013231,0.998425,-0.029880,0.116824,2.148523,-1.406045
SIM-0375,0,parked_tipover,8960,0.021311,0.965490,-0.024161,0.210554,-0.299217,-1.596750
SIM-0375,0,parked_tipover,8970,0.006893,0.967867,-0.036635,-1.400271,-0.993630,-0.769033
SIM-0375,0,parked_tipover,8980,-0.037488,0.940720,-0.049324,1.690860,-2.288784,-0.588125
SIM-0375,0,parked_tipover,8990,-0.040664,0.960993,-0.024830,-0.819125,0.738203,0.030490
SIM-0375,0,parked_tipover,9000,0.014934,0.991013,-0.040564,-0.682171,-0.415336,-1.422234
SIM-0375,0,parked_tipover,9010,-0.000314,1.007850,-0.053050,1.415436,0.681347,1.039667
SIM-0375,0,parked_tipover,9020,-0.041669,0.990958,-0.041568,-3.158177,0.310198,-1.414926
SIM-0375,0,parked_tipover,9030,0.029730,1.015247,-0.046456,-1.325759,0.630717,1.573347
SIM-0375,0,parked_tipover,9040,-0.023311,0.961517,-0.026498,0.338906,1.710148,0.597106
SIM-0375,0,parked_tipover,9050,-0.013939,0.989122,-0.025985,1.181211,-0.498586,0.381817
SIM-0375,0,parked_tipover,9060,0.016201,0.954517,-0.047922,-2.531985,0.328020,1.626643
SIM-0375,0,parked_tipover,9070,-0.003510,0.968826,-0.046641,-0.610159,-1.274514,-1.579185
SIM-0375,0,parked_tipover,9080,-0.036660,0.982079,-0.042215,-1.757492,-1.248874,1.348760
SIM-0375,0,parked_tipover,9090,-0.017968,0.968329,-0.071085,-0.008643,-0.876499,-0.903581
SIM-0375,0,parked_tipover,9100,-0.014385,0.992310,-0.104726,-1.774105,0.724338,-1.114659
SIM-0375,0,parked_tipover,9110,-0.006516,0.962999,-0.067891,-2.167306,0.365626,-0.247468
SIM-0375,0,parked_tipover,9120,-0.023476,0.967223,-0.032163,-1.239787,2.308684,-2.321672
SIM-0375,0,parked_tipover,9130,-0.043888,0.965648,-0.040772,-1.554241,-2.048596,1.443548
SIM-0375,0,parked_tipover,9140,0.010681,0.971763,-0.026568,0.394644,-3.528352,-0.374294
SIM-0375,0,parked_tipover,9150,-0.015875,1.003798,-0.071169,-0.340654,1.415059,-0.887791
SIM-0375,0,parked_tipover,9160,-0.011382,1.006233,-0.045393,-3.583034,2.741551,-2.805746
SIM-0375,0,parked_tipover,9170,-0.064551,0.975006,-0.053695,-2.052649,-1.731624,2.047002
SIM-0375,0,parked_tipover,9180,-0.027722,1.006331,-0.061797,-1.974387,-0.173486,0.976147
SIM-0375,0,parked_tipover,9190,-0.029497,0.990645,-0.030224,-3.186748,1.939862,-1.286012
SIM-0375,0,parked_tipover,9200,0.020264,1.003352,-0.037044,0.747264,0.768896,-0.195851
SIM-0375,0,parked_tipover,9210,0.032513,1.000550,-0.016326,0.311137,2.872138,-1.081148
SIM-0375,0,parked_tipover,9220,0.030212,0.996792,-0.038203,2.272242,0.616337,-0.564582
SIM-0375,0,parked_tipover,9230,0.002234,0.972417,-0.015670,-2.717542,-0.224936,-1.139229
SIM-0375,0,parked_tipover,9240,-0.033762,0.964102,-0.079594,0.270901,-2.069609,-0.823128
SIM-0375,0,parked_tipover,9250,0.030196,0.982335,-0.072587,2.351708,0.676405,1.007344
SIM-0375,0,parked_tipover,9260,-0.008559,1.025361,-0.055866,1.898012,-1.972479,0.786647
SIM-0375,0,parked_tipover,9270,-0.010219,0.974873,-0.073419,0.480378,-0.582656,-0.552827
SIM-0375,0,parked_tipover,9280,0.007719,1.024321,-0.088000,0.612217,1.656090,1.136715
SIM-0375,0,parked_tipover,9290,0.011624,0.992339,-0.057897,-0.747169,-1.840542,-1.299899
SIM-0375,0,parked_tipover,9300,-0.005953,0.969893,-0.052020,-3.014876,0.126564,1.380648
SIM-0375,0,parked_tipover,9310,0.006633,0.978118,-0.034807,-3.767766,1.956023,3.162368
SIM-0375,0,parked_tipover,9320,-0.018594,0.976420,-0.038114,-2.526589,0.318246,-0.955377
SIM-0375,0,parked_tipover,9330,-0.012792,0.991943,-0.084083,-1.714678,-0.340345,1.703886
SIM-0375,0,parked_tipover,9340,-0.003829,1.004802,-0.058314,0.500370,-0.500191,1.060067
SIM-0375,0,parked_tipover,9350,-0.049487,1.013523,-0.062304,1.003217,-1.427512,2.104660
SIM-0375,0,parked_tipover,9360,-0.008491,1.011135,-0.050858,0.045372,1.584374,1.935446
SIM-0375,0,parked_tipover,9370,-0.024433,0.995590,-0.091721,-0.355323,-0.425425,-0.410454
SIM-0375,0,parked_tipover,9380,0.012866,1.015722,-0.092992,-1.119217,-0.741637,-1.647112
SIM-0375,0,parked_tipover,9390,0.010026,1.004284,-0.061293,-0.058278,-0.513442,0.154833
SIM-0375,0,parked_tipover,9400,0.019028,0.989927,-0.040455,-2.837821,-2.046112,0.635967
SIM-0375,0,parked_tipover,9410,-0.013186,0.988350,-0.086778,-2.191430,1.835688,-1.711512
SIM-0375,0,parked_tipover,9420,-0.002005,0.996937,-0.045065,-1.466050,-1.290248,-2.797105
SIM-0375,0,parked_tipover,9430,-0.023067,0.998427,-0.056980,-0.737201,2.084884,1.248567
SIM-0375,0,parked_tipover,9440,-0.024025,0.990376,-0.074592,-4.676972,-0.719065,0.637153
SIM-0375,0,parked_tipover,9450,-0.019737,0.996683,-0.042096,2.255912,-1.485176,-0.392950
SIM-0375,0,parked_tipover,9460,0.004326,0.993335,-0.047317,-1.325864,1.261710,0.281659
SIM-0375,0,parked_tipover,9470,0.006817,0.938930,-0.074241,-2.222975,0.248777,-0.351671
SIM-0375,0,parked_tipover,9480,0.010267,0.943556,-0.019399,-1.273770,0.055881,1.081152
SIM-0375,0,parked_tipover,9490,0.005005,0.967190,-0.028725,-2.311123,0.758538,-1.171797
SIM-0375,0,parked_tipover,9500,-0.003838,0.978906,-0.056595,0.724473,-2.635373,-0.821433
SIM-0375,0,parked_tipover,9510,-0.032327,0.993430,-0.042896,-0.083735,-0.964554,-0.371041
SIM-0375,0,parked_tipover,9520,-0.041544,0.996050,-0.061458,-0.046356,0.953720,-3.618671
SIM-0375,0,parked_tipover,9530,0.031312,0.960969,-0.046776,-1.527865,0.259145,0.232975
SIM-0375,0,parked_tipover,9540,-0.010488,0.999064,-0.013253,-2.198436,0.132128,-3.406107
SIM-0375,0,parked_tipover,9550,-0.001595,0.960784,-0.077994,0.898856,-0.413849,-1.070308
SIM-0375,0,parked_tipover,9560,-0.016707,1.033210,-0.067429,-1.238876,-0.968709,0.805278
SIM-0375,0,parked_tipover,9570,-0.022179,1.010590,-0.089807,-2.578446,-1.581516,0.466161
SIM-0375,0,parked_tipover,9580,-0.003665,0.975339,-0.047053,1.334444,3.747485,-2.458440
SIM-0375,0,parked_tipover,9590,-0.019408,0.967529,-0.025384,-1.958483,-0.604207,1.688902
SIM-0375,0,parked_tipover,9600,0.007939,0.977232,-0.071978,0.644162,0.525921,-1.353144
SIM-0375,0,parked_tipover,9610,0.011587,0.995523,-0.054128,1.344558,-0.033906,-0.993565
SIM-0375,0,parked_tipover,9620,0.018896,1.017092,-0.058060,1.561803,-0.429301,-3.031933
SIM-0375,0,parked_tipover,9630,-0.001474,0.990176,-0.045974,0.143765,0.024194,1.746250
SIM-0375,0,parked_tipover,9640,0.030041,1.035398,-0.034101,-1.643454,-1.130488,-2.027687
SIM-0375,0,parked_tipover,9650,0.015973,0.955525,-0.045912,-0.860053,0.243257,-1.293744
SIM-0375,0,parked_tipover,9660,-0.010354,0.985160,-0.084170,2.889507,-0.882665,-3.323798
SIM-0375,0,parked_tipover,9670,-0.025016,0.991351,-0.012289,-1.374816,-1.817426,-2.054455
SIM-0375,0,parked_tipover,9680,0.022442,0.977120,-0.038638,-1.603489,-0.323386,-0.885254
SIM-0375,0,parked_tipover,9690,0.021890,0.986793,-0.062887,-0.646906,-2.808752,0.909290
SIM-0375,0,parked_tipover,9700,-0.005301,1.034602,-0.037821,0.586034,-1.167971,1.408872
SIM-0375,0,parked_tipover,9710,-0.052923,0.985293,-0.035008,-1.864413,-0.489402,-0.512714
SIM-0375,0,parked_tipover,9720,0.013110,0.964229,-0.089607,0.537221,3.710707,1.789275
SIM-0375,0,parked_tipover,9730,-0.009326,0.967909,-0.045227,-0.285084,0.349694,1.807913
SIM-0375,0,parked_tipover,9740,0.010783,0.964060,-0.046398,-1.681981,0.761536,0.742965
SIM-0375,0,parked_tipover,9750,0.035578,1.003409,-0.067200,-2.610955,0.611836,-0.921154
SIM-0375,0,parked_tipover,9760,0.011626,0.975228,-0.046823,0.351736,0.247295,1.725009
SIM-0375,0,parked_tipover,9770,0.006991,0.981710,-0.063695,0.508116,0.452592,1.062001
SIM-0375,0,parked_tipover,9780,-0.025630,1.000846,-0.055100,1.879061,1.128040,0.368235
SIM-0375,0,parked_tipover,9790,0.009715,0.994225,-0.031158,-2.817229,-0.381639,-0.639013
SIM-0375,0,parked_tipover,9800,-0.051216,0.991378,-0.028302,-2.299402,3.541406,-0.603483
SIM-0375,0,parked_tipover,9810,0.010290,0.940968,-0.016340,1.608512,-0.299877,1.164684
SIM-0375,0,parked_tipover,9820,-0.002815,0.970432,-0.095940,-1.297479,0.249717,0.140654
SIM-0375,0,parked_tipover,9830,-0.043449,0.999481,-0.050009,0.086314,-1.754429,-0.700571
SIM-0375,0,parked_tipover,9840,-0.006193,0.976007,-0.053507,0.937689,-2.003367,-0.363079
SIM-0375,0,parked_tipover,9850,-0.025444,0.973260,-0.052032,-1.913143,-0.899573,-0.501982
SIM-0375,0,parked_tipover,9860,-0.022180,0.963220,-0.070648,-1.487099,-0.341655,-1.093192
SIM-0375,0,parked_tipover,9870,0.015624,1.011721,-0.047933,-0.495473,0.312212,-0.991055
SIM-0375,0,parked_tipover,9880,0.003711,0.966088,-0.029182,-0.407723,1.054882,-0.049843
SIM-0375,0,parked_tipover,9890,-0.004575,1.007913,-0.024731,-0.870822,-0.900213,-0.463902
SIM-0375,0,parked_tipover,9900,-0.015340,0.968945,-0.109932,-2.384019,0.613182,2.224838
SIM-0375,0,parked_tipover,9910,-0.017041,0.968617,-0.065043,-1.111688,-2.048713,0.014312
SIM-0375,0,parked_tipover,9920,-0.007132,0.988779,-0.040799,-1.450868,0.778508,-0.895423
SIM-0375,0,parked_tipover,9930,-0.026204,0.995205,-0.073494,-3.184396,-0.737630,2.527233
SIM-0375,0,parked_tipover,9940,-0.015483,0.981427,-0.024907,-2.657513,0.704869,-1.703641
SIM-0375,0,parked_tipover,9950,0.003757,0.988036,-0.042233,0.111658,-0.686483,1.814756
SIM-0375,0,parked_tipover,9960,-0.006247,0.953518,-0.036345,-2.116477,-0.049086,2.232410
SIM-0375,0,parked_tipover,9970,-0.016086,0.994972,-0.066627,1.494223,-2.194016,-1.407364
SIM-0375,0,parked_tipover,9980,-0.018172,0.991195,0.005739,-2.796387,-0.875663,0.035927
SIM-0375,0,parked_tipover,9990,0.002078,0.950818,-0.019239,-1.663726,0.055878,0.318392
SIM-0525,1,crash_lowside,0,0.003218,0.023099,1.022145,8.998780,2.042945,9.299273
SIM-0525,1,crash_lowside,10,-0.011150,0.015975,1.008152,9.189045,0.690599,4.089795
SIM-0525,1,crash_lowside,20,0.000196,-0.053733,0.983163,5.707795,1.224423,5.460682
SIM-0525,1,crash_lowside,30,-0.021926,-0.007084,0.996452,6.395376,3.652819,4.172036
SIM-0525,1,crash_lowside,40,0.027112,0.010489,1.011324,9.486952,1.237240,4.183125
SIM-0525,1,crash_lowside,50,-0.001335,-0.023440,0.982764,6.161959,3.437190,4.761756
SIM-0525,1,crash_lowside,60,-0.018821,-0.004361,0.989165,7.417850,5.590843,5.006822
SIM-0525,1,crash_lowside,70,-0.057824,-0.028607,1.002006,7.976626,2.280088,3.394437
SIM-0525,1,crash_lowside,80,-0.026377,-0.019784,0.910260,7.366762,4.069964,4.208609
SIM-0525,1,crash_lowside,90,-0.001121,0.042165,0.968788,8.119283,1.391932,4.756357
SIM-0525,1,crash_lowside,100,-0.032828,0.015019,0.910127,6.622472,2.366022,6.788313
SIM-0525,1,crash_lowside,110,0.003192,0.031698,0.975109,7.270225,1.702154,7.282584
SIM-0525,1,crash_lowside,120,-0.017976,0.018446,0.994554,6.803757,3.350533,4.875883
SIM-0525,1,crash_lowside,130,-0.017810,0.021908,0.970675,5.346046,1.916577,4.668061
SIM-0525,1,crash_lowside,140,-0.023311,0.031655,1.032185,4.513058,3.613968,5.088989
SIM-0525,1,crash_lowside,150,-0.023792,0.006970,1.018128,8.031759,1.452201,3.687716
SIM-0525,1,crash_lowside,160,-0.019989,-0.022778,0.996854,8.298034,1.449665,5.237227
SIM-0525,1,crash_lowside,170,-0.001107,0.019434,1.028966,5.939150,3.675527,4.278738
SIM-0525,1,crash_lowside,180,-0.013242,-0.032343,1.001267,6.572187,5.869082,4.132569
SIM-0525,1,crash_lowside,190,0.009095,0.037393,0.961801,4.059021,5.095684,2.862426
SIM-0525,1,crash_lowside,200,0.006687,0.007823,0.946942,8.079132,4.306427,9.075855
SIM-0525,1,crash_lowside,210,-0.018550,-0.003846,0.957542,5.799828,2.218061,3.821289
SIM-0525,1,crash_lowside,220,-0.048466,0.026663,0.908421,4.916640,4.993679,4.324300
SIM-0525,1,crash_lowside,230,-0.009018,0.023818,1.000768,7.935471,4.802678,5.373859
SIM-0525,1,crash_lowside,240,0.022199,0.006252,0.954470,4.976759,2.312750,3.287513
SIM-0525,1,crash_lowside,250,-0.014354,0.007474,0.929840,7.493749,2.194096,4.410796
SIM-0525,1,crash_lowside,260,-0.001705,0.029406,0.950267,3.868527,0.868062,3.498638
SIM-0525,1,crash_lowside,270,-0.032340,-0.003788,0.997743,6.334391,2.239985,5.431888
SIM-0525,1,crash_lowside,280,0.019060,0.008115,0.983781,5.387219,3.163953,4.751088
SIM-0525,1,crash_lowside,290,-0.010129,0.039558,1.025369,6.366790,4.951874,2.977840
SIM-0525,1,crash_lowside,300,0.010114,0.035544,1.002489,9.199797,4.671537,4.455064
SIM-0525,1,crash_lowside,310,-0.017628,0.028682,0.977367,5.145183,1.308710,5.015559
SIM-0525,1,crash_lowside,320,0.016968,0.022064,0.968580,8.011411,1.033897,3.811879
SIM-0525,1,crash_lowside,330,-0.037280,0.002203,0.976589,4.154861,2.041491,4.637080
SIM-0525,1,crash_lowside,340,-0.026725,0.016781,0.957832,6.759668,2.759506,4.354779
SIM-0525,1,crash_lowside,350,-0.020718,0.040495,0.934573,5.493586,1.876694,6.399587
SIM-0525,1,crash_lowside,360,-0.034024,0.041908,0.951077,3.081400,2.748725,3.576845
SIM-0525,1,crash_lowside,370,-0.037788,0.019997,0.991120,4.216307,1.219286,3.014250
SIM-0525,1,crash_lowside,380,-0.037144,0.042267,0.968190,3.091788,1.846062,2.410578
SIM-0525,1,crash_lowside,390,-0.008314,0.019076,0.979277,4.034160,1.526772,4.317261
SIM-0525,1,crash_lowside,400,-0.076043,0.054190,1.033140,4.818739,3.429013,5.557720
SIM-0525,1,crash_lowside,410,-0.035409,0.012467,1.033765,7.477997,1.667988,3.570269
SIM-0525,1,crash_lowside,420,-0.025348,0.029230,0.985957,4.116091,1.751145,7.038649
SIM-0525,1,crash_lowside,430,-0.023453,0.056128,0.980402,3.821699,3.330977,5.283403
SIM-0525,1,crash_lowside,440,-0.077618,0.030363,0.969477,5.648195,1.926114,3.685921
SIM-0525,1,crash_lowside,450,-0.065957,0.080581,0.963506,6.766468,2.655681,3.879009
SIM-0525,1,crash_lowside,460,-0.029030,0.041316,0.910558,4.181127,2.279227,4.673706
SIM-0525,1,crash_lowside,470,-0.037648,0.021045,0.939076,3.854163,1.122299,4.579200
SIM-0525,1,crash_lowside,480,-0.021135,-0.000243,0.921515,4.769571,3.118624,4.401412
SIM-0525,1,crash_lowside,490,-0.087163,0.027030,0.970477,5.950854,1.871141,4.974906
SIM-0525,1,crash_lowside,500,-0.060311,0.044539,0.978460,5.636769,3.084885,3.344973
SIM-0525,1,crash_lowside,510,-0.098454,0.056259,0.997708,1.199910,2.455491,3.453219
SIM-0525,1,crash_lowside,520,-0.020634,0.038847,1.019001,-0.132281,2.870741,1.812132
SIM-0525,1,crash_lowside,530,-0.072299,0.063581,1.007337,6.022134,3.432565,4.347943
SIM-0525,1,crash_lowside,540,-0.057932,0.071461,0.977476,3.289720,3.165355,5.035427
SIM-0525,1,crash_lowside,550,-0.088974,0.033772,1.014956,5.970012,0.493574,6.393591
SIM-0525,1,crash_lowside,560,-0.020189,0.043664,0.957103,5.039644,0.852477,3.226754
SIM-0525,1,crash_lowside,570,-0.053556,0.055884,0.959677,3.362092,3.713436,7.527757
SIM-0525,1,crash_lowside,580,-0.060716,0.051324,0.947655,4.283417,2.420857,4.792429
SIM-0525,1,crash_lowside,590,-0.090846,0.034683,0.943195,5.777584,0.175559,4.021569
SIM-0525,1,crash_lowside,600,-0.111015,0.042565,0.913450,3.966919,0.468896,4.541101
SIM-0525,1,crash_lowside,610,-0.087527,0.004988,0.981804,3.116552,1.501441,3.631472
SIM-0525,1,crash_lowside,620,-0.041314,0.045747,0.939535,1.185338,2.658836,4.206180
SIM-0525,1,crash_lowside,630,-0.045792,0.034075,0.995387,2.364002,-0.148913,3.692661
SIM-0525,1,crash_lowside,640,-0.072295,0.063154,0.991095,2.027249,5.428490,5.953128
SIM-0525,1,crash_lowside,650,-0.009405,0.008634,0.979157,2.764746,1.485602,3.350670
SIM-0525,1,crash_lowside,660,-0.037594,0.021026,0.987835,4.053436,-1.074932,4.881811
SIM-0525,1,crash_lowside,670,-0.052818,0.059313,1.022253,3.111341,0.967757,4.721856
SIM-0525,1,crash_lowside,680,-0.059281,0.033968,1.000360,3.065178,0.837312,3.263846
SIM-0525,1,crash_lowside,690,-0.053907,0.130178,0.993489,2.851614,3.227337,6.369160
SIM-0525,1,crash_lowside,700,-0.050340,0.040115,0.959112,0.661497,-1.560935,5.057019
SIM-0525,1,crash_lowside,710,-0.058036,-0.015998,0.980511,1.420260,0.647712,1.336858
SIM-0525,1,crash_lowside,720,-0.076560,0.036507,0.943218,0.474769,2.761277,3.478112
SIM-0525,1,crash_lowside,730,-0.034336,0.045415,0.967571,1.567620,2.340515,1.712140
SIM-0525,1,crash_lowside,740,-0.056269,0.039251,0.971501,2.590087,0.731101,3.066643
SIM-0525,1,crash_lowside,750,-0.027750,0.015815,1.002312,1.339174,3.183796,3.193750
SIM-0525,1,crash_lowside,760,-0.051266,0.026051,0.959458,2.126292,1.271694,3.618683
SIM-0525,1,crash_lowside,770,-0.050883,0.007495,0.991044,4.747422,0.819256,1.555573
SIM-0525,1,crash_lowside,780,-0.041307,0.013641,1.010782,2.722731,1.417221,3.952604
SIM-0525,1,crash_lowside,790,-0.020845,0.066872,0.999767,0.996789,1.963949,0.145684
SIM-0525,1,crash_lowside,800,-0.045433,0.031411,1.000185,-0.188725,-2.259840,1.972440
SIM-0525,1,crash_lowside,810,-0.065306,0.040378,0.960620,0.440264,2.791274,4.272891
SIM-0525,1,crash_lowside,820,-0.012971,0.055880,0.966037,0.334658,0.600189,2.646296
SIM-0525,1,crash_lowside,830,-0.046229,0.036793,0.957507,0.894416,1.528309,2.530531
SIM-0525,1,crash_lowside,840,-0.072261,0.087549,0.981112,0.742246,2.593562,2.882168
SIM-0525,1,crash_lowside,850,-0.002269,0.050211,0.933643,-0.968708,2.106184,4.421102
SIM-0525,1,crash_lowside,860,-0.038891,0.048620,0.940905,-0.337140,-0.765037,1.908715
SIM-0525,1,crash_lowside,870,-0.055358,0.060523,0.966292,-0.982610,1.770983,2.433399
SIM-0525,1,crash_lowside,880,-0.046502,0.024541,0.981744,-1.173453,1.377580,4.022529
SIM-0525,1,crash_lowside,890,-0.013411,0.031624,0.979745,0.881192,0.024428,3.623654
SIM-0525,1,crash_lowside,900,-0.005621,0.061626,0.991721,-0.319953,-3.528094,2.154004
SIM-0525,1,crash_lowside,910,-0.011891,0.071359,0.979746,-0.366048,-0.628719,1.714719
SIM-0525,1,crash_lowside,920,0.016167,0.003680,0.968126,-0.811318,-1.903993,2.212102
SIM-0525,1,crash_lowside,930,-0.008137,0.047999,0.960303,0.020374,-2.059018,3.292778
SIM-0525,1,crash_lowside,940,-0.034389,0.041193,0.962857,-0.118082,1.215866,1.668819
SIM-0525,1,crash_lowside,950,0.012098,0.033729,0.964504,-4.394010,-0.091195,3.468465
SIM-0525,1,crash_lowside,960,-0.049817,0.013599,0.934874,-2.830240,3.154889,3.347247
SIM-0525,1,crash_lowside,970,-0.017477,0.022323,0.954148,-1.709254,1.698499,2.859921
SIM-0525,1,crash_lowside,980,-0.029113,0.031217,0.963384,-1.129370,-0.229352,3.490331
SIM-0525,1,crash_lowside,990,0.013768,0.014799,0.975984,-1.259470,0.784358,4.598342
SIM-0525,1,crash_lowside,1000,0.021126,0.081175,0.991821,-1.508994,0.667394,3.461353
SIM-0525,1,crash_lowside,1010,0.003121,-0.019233,1.006235,-3.456337,-0.706703,2.953456
SIM-0525,1,crash_lowside,1020,0.001150,0.038508,1.009316,-1.434546,-1.623113,-0.869210
SIM-0525,1,crash_lowside,1030,0.002807,0.021204,1.009347,-1.884196,-0.905539,3.640267
SIM-0525,1,crash_lowside,1040,-0.001839,0.045879,0.993939,-0.365772,-0.716180,4.470627
SIM-0525,1,crash_lowside,1050,0.000158,-0.045115,1.001470,-3.252340,-0.724567,4.463247
SIM-0525,1,crash_lowside,1060,0.014489,0.039366,1.007668,-3.778634,-0.610115,3.507034
SIM-0525,1,crash_lowside,1070,-0.012853,0.021092,0.960543,-1.827540,0.267447,4.557761
SIM-0525,1,crash_lowside,1080,-0.013416,0.038660,0.944715,-1.586275,0.814765,2.734027
SIM-0525,1,crash_lowside,1090,-0.055855,0.036462,0.917427,-1.156072,1.064704,1.410268
SIM-0525,1,crash_lowside,1100,-0.010718,-0.004013,0.965878,-4.407624,-1.856711,3.712635
SIM-0525,1,crash_lowside,1110,-0.028735,0.035213,0.982181,-2.931151,-3.029986,2.768976
SIM-0525,1,crash_lowside,1120,0.017046,-0.008536,0.971461,-3.687728,-2.736898,4.640862
SIM-0525,1,crash_lowside,1130,-0.007951,0.006573,0.980612,-0.591481,1.209246,2.875668
SIM-0525,1,crash_lowside,1140,0.005817,0.011194,1.016030,-2.430015,1.151944,1.113255
SIM-0525,1,crash_lowside,1150,0.005685,0.073781,0.999775,-4.175539,-0.456630,3.279931
SIM-0525,1,crash_lowside,1160,0.037239,0.030724,1.009845,0.311788,1.324265,3.321242
SIM-0525,1,crash_lowside,1170,-0.004856,0.069849,0.993943,-2.526147,0.094550,1.773913
SIM-0525,1,crash_lowside,1180,-0.022901,0.011333,1.030829,-2.720492,-0.877573,2.547202
SIM-0525,1,crash_lowside,1190,-0.043531,0.029075,0.960646,-5.295512,-0.030167,1.357679
SIM-0525,1,crash_lowside,1200,-0.001756,0.026463,0.944833,-3.738466,0.051181,2.681207
SIM-0525,1,crash_lowside,1210,-0.013418,0.019375,0.932501,-3.459452,1.733879,2.158339
SIM-0525,1,crash_lowside,1220,-0.000810,0.007929,0.953591,-5.230339,-0.270413,2.911819
SIM-0525,1,crash_lowside,1230,-0.022206,-0.002714,0.975866,-1.489879,0.756173,3.236038
SIM-0525,1,crash_lowside,1240,-0.001221,-0.000855,0.935616,-6.542118,-0.389173,0.565135
SIM-0525,1,crash_lowside,1250,-0.029750,0.040665,0.976656,-1.276281,1.340661,2.432760
SIM-0525,1,crash_lowside,1260,0.005613,0.038962,0.990217,-2.299005,0.366391,3.028933
SIM-0525,1,crash_lowside,1270,-0.014904,0.075924,1.013725,-1.923261,-0.154200,2.997099
SIM-0525,1,crash_lowside,1280,-0.062056,-0.021528,1.004324,-2.954014,0.362374,2.362497
SIM-0525,1,crash_lowside,1290,-0.032177,-0.000267,1.025493,-2.754829,0.665411,1.009574
SIM-0525,1,crash_lowside,1300,-0.052575,0.027747,0.994649,-0.978904,0.783481,-0.796851
SIM-0525,1,crash_lowside,1310,-0.016742,-0.013798,0.985968,-4.976795,1.629443,3.847966
SIM-0525,1,crash_lowside,1320,0.008086,-0.003887,0.978315,-4.041392,-0.237821,-0.443824
SIM-0525,1,crash_lowside,1330,0.009172,0.018619,0.901363,-3.916008,1.803830,3.384166
SIM-0525,1,crash_lowside,1340,-0.055208,0.023144,0.946989,-3.972607,-0.101788,3.499658
SIM-0525,1,crash_lowside,1350,-0.032365,-0.007344,0.975429,-3.508542,1.278650,-0.215417
SIM-0525,1,crash_lowside,1360,-0.057918,-0.016944,0.991348,-4.855999,1.313437,4.159885
SIM-0525,1,crash_lowside,1370,-0.065330,0.026057,1.003508,-2.237565,-1.231948,0.915221
SIM-0525,1,crash_lowside,1380,-0.047065,0.001862,0.948701,-2.740339,-0.679264,2.691370
SIM-0525,1,crash_lowside,1390,-0.048891,-0.017806,0.982657,-3.405478,2.760907,1.983169
SIM-0525,1,crash_lowside,1400,-0.082864,0.005009,0.986778,-3.773069,2.748464,3.377606
SIM-0525,1,crash_lowside,1410,-0.018333,0.010610,1.020061,-4.284310,-0.573817,0.838245
SIM-0525,1,crash_lowside,1420,-0.031201,-0.012037,0.998658,-3.510605,-2.332726,0.164399
SIM-0525,1,crash_lowside,1430,0.002971,0.007733,0.994988,-0.750512,0.253968,0.098291
SIM-0525,1,crash_lowside,1440,-0.052315,-0.028279,1.009299,-2.370970,-0.561764,-0.106283
SIM-0525,1,crash_lowside,1450,-0.075983,0.011587,0.943681,-3.957727,-1.551830,0.197160
SIM-0525,1,crash_lowside,1460,-0.047356,-0.002441,0.963716,-2.893419,-1.620683,0.856527
SIM-0525,1,crash_lowside,1470,-0.065039,-0.002044,0.953733,-1.911977,-3.023349,-0.132039
SIM-0525,1,crash_lowside,1480,-0.063052,0.001372,0.984898,-3.382362,-0.417602,2.417561
SIM-0525,1,crash_lowside,1490,-0.040452,-0.018054,0.944124,-1.548442,-0.519195,0.347152
SIM-0525,1,crash_lowside,1500,-0.069941,0.008219,0.991258,-5.404352,0.711605,2.224692
SIM-0525,1,crash_lowside,1510,-0.047749,-0.041039,0.967824,-4.722823,-1.013236,2.695785
SIM-0525,1,crash_lowside,1520,-0.061302,-0.018336,0.979749,-7.822208,0.777247,-2.429932
SIM-0525,1,crash_lowside,1530,-0.013968,-0.062655,0.969461,-5.364707,-0.356038,-0.563897
SIM-0525,1,crash_lowside,1540,-0.082508,-0.004454,0.969016,-4.344463,0.716864,-0.292056
SIM-0525,1,crash_lowside,1550,-0.054773,-0.009911,1.002213,-4.552134,-0.402354,-0.601349
SIM-0525,1,crash_lowside,1560,-0.054748,-0.008185,0.989168,-3.382291,-0.115544,3.001038
SIM-0525,1,crash_lowside,1570,-0.028183,-0.006009,0.943847,-3.681150,1.036940,-1.469122
SIM-0525,1,crash_lowside,1580,-0.039845,0.005452,0.973600,-0.627330,-1.806256,0.999469
SIM-0525,1,crash_lowside,1590,-0.024599,-0.032587,0.939789,-3.516118,-2.063541,-2.194033
SIM-0525,1,crash_lowside,1600,-0.004598,-0.008204,0.947667,-4.395998,1.350756,-1.843013
SIM-0525,1,crash_lowside,1610,0.010613,-0.027858,0.975237,-2.493703,0.329311,0.640181
SIM-0525,1,crash_lowside,1620,-0.036012,-0.000898,0.969621,-2.404438,2.680646,0.923381
SIM-0525,1,crash_lowside,1630,-0.033898,-0.008315,0.989652,-1.669550,-1.479268,0.427866
SIM-0525,1,crash_lowside,1640,-0.027857,-0.014962,1.008267,-4.552955,-1.132648,3.408102
SIM-0525,1,crash_lowside,1650,-0.054351,-0.046468,0.968052,-2.446821,-1.317351,-2.159086
SIM-0525,1,crash_lowside,1660,-0.011482,0.016035,1.021619,-3.247901,-1.346735,2.300243
SIM-0525,1,crash_lowside,1670,0.013101,-0.043394,0.998744,-1.274887,-0.769518,0.697977
SIM-0525,1,crash_lowside,1680,-0.003491,0.000259,0.995071,-1.243720,-0.840094,-1.475952
SIM-0525,1,crash_lowside,1690,-0.031355,-0.028460,0.991510,-4.101738,0.827020,1.232889
SIM-0525,1,crash_lowside,1700,-0.024473,-0.010311,0.948303,-2.551903,-1.101696,-0.871147
SIM-0525,1,crash_lowside,1710,0.029843,-0.049126,0.979201,-1.806433,1.823524,1.793153
SIM-0525,1,crash_lowside,1720,-0.013329,-0.043323,0.887609,-4.623826,-1.164858,-1.227619
SIM-0525,1,crash_lowside,1730,0.010411,-0.037187,0.963363,-1.500805,-1.959011,-2.170505
SIM-0525,1,crash_lowside,1740,0.048143,-0.058704,0.943915,-1.609439,0.566660,-0.981689
SIM-0525,1,crash_lowside,1750,0.041258,0.004118,0.982074,-0.364673,-0.281299,-1.096137
SIM-0525,1,crash_lowside,1760,0.001179,-0.028193,0.996567,-0.573855,-2.130632,-1.492382
SIM-0525,1,crash_lowside,1770,-0.010283,0.050652,1.042986,-1.285841,-0.162305,0.924437
SIM-0525,1,crash_lowside,1780,-0.026190,-0.000789,0.997288,-3.176589,0.305349,-0.778871
SIM-0525,1,crash_lowside,1790,-0.019478,-0.034109,1.014536,-2.679227,0.213187,3.297418
SIM-0525,1,crash_lowside,1800,0.004343,-0.009593,1.023465,-2.843695,1.034676,0.784214
SIM-0525,1,crash_lowside,1810,0.014857,-0.026781,0.988407,-3.035808,-2.510615,-0.014958
SIM-0525,1,crash_lowside,1820,-0.008217,-0.009566,0.906891,1.020974,0.690922,0.360463
SIM-0525,1,crash_lowside,1830,0.042674,-0.006629,0.952968,-3.564636,-0.405113,-0.126402
SIM-0525,1,crash_lowside,1840,0.024572,-0.054711,0.936117,-1.581444,-2.129431,-3.432636
SIM-0525,1,crash_lowside,1850,0.007947,-0.042976,0.951411,-0.476358,-2.052091,-1.805765
SIM-0525,1,crash_lowside,1860,-0.015614,-0.045501,0.932576,-1.247315,-1.917588,0.142662
SIM-0525,1,crash_lowside,1870,0.006018,-0.027687,0.986077,-1.231232,0.377735,0.116754
SIM-0525,1,crash_lowside,1880,-0.014418,-0.068163,0.976009,0.030427,-1.731900,1.403315
SIM-0525,1,crash_lowside,1890,-0.013488,-0.074857,0.991625,-1.601802,0.366134,2.332160
SIM-0525,1,crash_lowside,1900,0.026874,-0.034937,1.004473,-3.627412,1.364357,-0.112879
SIM-0525,1,crash_lowside,1910,0.005080,-0.057001,1.010845,-2.179057,-0.441336,-1.096355
SIM-0525,1,crash_lowside,1920,0.024807,-0.019775,1.011786,-2.958082,-3.214786,-0.017076
SIM-0525,1,crash_lowside,1930,0.008373,-0.004752,0.979151,-0.374207,-1.156472,0.714807
SIM-0525,1,crash_lowside,1940,-0.008963,-0.065145,0.974566,-2.919064,1.855793,-0.914104
SIM-0525,1,crash_lowside,1950,-0.027796,-0.053957,0.983672,-0.900995,-0.459544,-0.472754
SIM-0525,1,crash_lowside,1960,0.028619,-0.046240,0.926284,-0.781267,0.078763,0.181904
SIM-0525,1,crash_lowside,1970,0.004126,-0.054822,0.931522,0.908091,-1.717449,-1.280963
SIM-0525,1,crash_lowside,1980,0.044209,-0.060733,0.957207,-1.922708,-0.627748,-1.220105
SIM-0525,1,crash_lowside,1990,-0.011962,0.006355,0.932024,-0.863892,3.587461,-0.465981
SIM-0525,1,crash_lowside,2000,0.016050,-0.051758,0.967190,-0.613546,1.295993,-2.192001
SIM-0525,1,crash_lowside,2010,0.007688,-0.039272,0.996703,-3.787909,-2.635819,-2.464733
SIM-0525,1,crash_lowside,2020,0.013648,-0.033347,1.065305,-0.087631,-0.618810,-0.487689
SIM-0525,1,crash_lowside,2030,-0.013703,-0.077809,1.021622,0.311306,-0.261665,-0.826534
SIM-0525,1,crash_lowside,2040,0.045374,-0.072304,1.019949,0.089174,-4.230096,0.866917
SIM-0525,1,crash_lowside,2050,0.013889,-0.024738,0.972281,-0.037691,-1.814630,-5.273539
SIM-0525,1,crash_lowside,2060,0.020151,-0.049976,0.976323,0.786635,-2.142295,1.584666
SIM-0525,1,crash_lowside,2070,0.011301,-0.008168,0.975095,1.521022,-0.205765,-0.865807
SIM-0525,1,crash_lowside,2080,-0.008044,-0.070885,0.901950,0.397646,-0.856990,-3.008602
SIM-0525,1,crash_lowside,2090,-0.014801,-0.038821,0.923029,-0.658403,-0.804588,1.198266
SIM-0525,1,crash_lowside,2100,-0.006237,-0.065740,0.936927,2.284893,0.814681,0.641505
SIM-0525,1,crash_lowside,2110,-0.040317,-0.049264,0.946158,0.835163,1.031883,-2.641374
SIM-0525,1,crash_lowside,2120,-0.010936,-0.043833,0.997197,2.864544,-0.316724,0.149450
SIM-0525,1,crash_lowside,2130,0.001129,-0.053418,0.962729,0.056315,-0.627259,0.478315
SIM-0525,1,crash_lowside,2140,-0.005818,-0.027382,0.971739,0.643942,-0.627896,-0.790125
SIM-0525,1,crash_lowside,2150,0.014620,-0.046392,0.986965,1.265248,2.687383,-0.026266
SIM-0525,1,crash_lowside,2160,-0.031527,0.009956,1.030307,3.776153,-3.290341,-3.451206
SIM-0525,1,crash_lowside,2170,-0.005856,-0.046030,0.976479,1.754324,1.918993,-0.469173
SIM-0525,1,crash_lowside,2180,-0.009440,-0.024176,0.969416,-0.497305,-1.199149,-0.635104
SIM-0525,1,crash_lowside,2190,0.009073,-0.057421,0.965838,2.133100,-0.630134,-3.647512
SIM-0525,1,crash_lowside,2200,-0.027038,-0.037888,0.941982,-1.727114,0.968822,-1.055221
SIM-0525,1,crash_lowside,2210,-0.071537,-0.060915,0.940902,-0.022708,1.016226,-2.550749
SIM-0525,1,crash_lowside,2220,-0.003674,-0.050006,0.912541,1.114350,1.079790,-2.201541
SIM-0525,1,crash_lowside,2230,-0.017188,-0.046890,0.967367,1.443895,0.280661,-1.699649
SIM-0525,1,crash_lowside,2240,-0.014553,-0.073917,0.971925,3.142909,-0.871055,0.244098
SIM-0525,1,crash_lowside,2250,-0.003736,-0.061786,0.967666,0.482467,1.130404,0.213569
SIM-0525,1,crash_lowside,2260,-0.025891,-0.019849,0.999709,5.948494,-2.302770,-3.577189
SIM-0525,1,crash_lowside,2270,-0.000682,-0.029998,1.003969,2.737771,-2.202513,-0.891382
SIM-0525,1,crash_lowside,2280,-0.040359,-0.003748,0.988811,3.209151,1.458106,-1.979640
SIM-0525,1,crash_lowside,2290,-0.035366,-0.048917,1.003821,2.543868,-0.949942,-0.675285
SIM-0525,1,crash_lowside,2300,-0.036752,-0.053029,0.976565,2.039254,-1.748168,-0.930929
SIM-0525,1,crash_lowside,2310,-0.028533,-0.069203,0.994697,2.871701,0.864798,0.625798
SIM-0525,1,crash_lowside,2320,-0.036226,-0.055040,0.978300,2.675393,2.154435,3.526496
SIM-0525,1,crash_lowside,2330,0.003751,-0.045048,0.966391,2.784626,-0.164201,-2.741402
SIM-0525,1,crash_lowside,2340,0.001918,-0.024192,0.913810,2.584539,0.482520,-1.129284
SIM-0525,1,crash_lowside,2350,-0.015998,-0.023723,0.942155,8.429888,-1.804006,-1.435655
SIM-0525,1,crash_lowside,2360,0.001365,-0.028652,0.969571,3.806306,-0.507807,-0.496029
SIM-0525,1,crash_lowside,2370,-0.013012,-0.034164,0.971023,2.431293,0.198096,-0.633847
SIM-0525,1,crash_lowside,2380,-0.024883,-0.039674,0.986856,1.272154,0.119088,-1.415083
SIM-0525,1,crash_lowside,2390,-0.006464,-0.040485,1.008138,3.352251,0.501882,-0.354818
SIM-0525,1,crash_lowside,2400,-0.021825,-0.009272,1.034655,4.241008,-0.794334,-0.843526
SIM-0525,1,crash_lowside,2410,-0.042220,-0.031211,1.003150,5.481787,0.585243,-2.563856
SIM-0525,1,crash_lowside,2420,-0.006936,-0.037124,1.006331,4.759613,-1.912037,-1.089024
SIM-0525,1,crash_lowside,2430,0.013153,-0.019776,0.979816,2.485101,0.599378,-0.519445
SIM-0525,1,crash_lowside,2440,0.011957,-0.021109,0.992692,3.919223,1.575091,-3.371208
SIM-0525,1,crash_lowside,2450,-0.034822,-0.048809,0.947384,4.605921,-1.785597,-1.727939
SIM-0525,1,crash_lowside,2460,-0.031044,-0.015291,0.928238,3.390390,0.218007,-1.104690
SIM-0525,1,crash_lowside,2470,0.017048,-0.028159,0.943616,4.713553,0.890632,-3.191202
SIM-0525,1,crash_lowside,2480,-0.042791,-0.016989,0.976242,6.743610,-0.644613,0.153597
SIM-0525,1,crash_lowside,2490,0.055635,-0.051886,0.949620,4.066015,-0.180477,-2.319276
SIM-0525,1,crash_lowside,2500,-0.047870,-0.053244,0.961663,5.969113,-0.026836,-2.628455
SIM-0525,1,crash_lowside,2510,0.041456,-0.048081,1.001201,3.368453,-1.101263,-3.026132
SIM-0525,1,crash_lowside,2520,0.011737,-0.034879,1.002987,2.953629,0.522257,-1.954664
SIM-0525,1,crash_lowside,2530,-0.014978,-0.014619,1.004766,3.999399,-0.545693,-1.111705
SIM-0525,1,crash_lowside,2540,0.031353,-0.016766,1.044474,6.517312,2.412048,-0.808633
SIM-0525,1,crash_lowside,2550,0.015978,-0.040912,0.969329,5.258369,-5.577713,-1.519629
SIM-0525,1,crash_lowside,2560,-0.007077,-0.007218,0.947897,9.084424,0.542491,-1.613937
SIM-0525,1,crash_lowside,2570,0.038512,-0.003906,0.970158,6.400634,0.648673,-5.022767
SIM-0525,1,crash_lowside,2580,0.020256,-0.006383,0.945568,4.913500,0.240012,-1.733500
SIM-0525,1,crash_lowside,2590,-0.001932,-0.057595,0.943285,6.366326,2.301242,-2.226182
SIM-0525,1,crash_lowside,2600,0.027689,-0.057287,0.968667,6.523494,1.780008,-1.601257
SIM-0525,1,crash_lowside,2610,0.032375,-0.009808,0.940800,6.740268,1.047751,-2.423734
SIM-0525,1,crash_lowside,2620,0.024476,-0.027903,0.985012,5.547810,0.638913,-2.828041
SIM-0525,1,crash_lowside,2630,0.055441,-0.024397,0.993815,7.799473,-1.686231,-0.322100
SIM-0525,1,crash_lowside,2640,0.058669,-0.009547,0.975884,6.221060,-1.344516,-1.529365
SIM-0525,1,crash_lowside,2650,0.074264,-0.034156,1.037359,4.935964,0.055835,-2.235861
SIM-0525,1,crash_lowside,2660,0.034061,-0.049819,1.036331,5.073948,-0.809558,0.555587
SIM-0525,1,crash_lowside,2670,0.038236,-0.036706,1.014714,6.211601,0.415550,-2.273003
SIM-0525,1,crash_lowside,2680,0.049500,-0.010737,0.965250,3.805381,1.091038,-1.857905
SIM-0525,1,crash_lowside,2690,0.058039,-0.022288,0.965304,8.069318,1.557542,-1.906539
SIM-0525,1,crash_lowside,2700,0.031330,-0.007155,0.974930,6.189903,0.133518,-2.887706
SIM-0525,1,crash_lowside,2710,0.038353,0.002633,0.941398,5.856864,1.879771,-1.260771
SIM-0525,1,crash_lowside,2720,0.067611,-0.030339,0.953501,8.544683,0.489493,-2.835376
SIM-0525,1,crash_lowside,2730,0.038418,0.001006,0.958320,7.462059,0.826325,-4.044845
SIM-0525,1,crash_lowside,2740,0.026412,-0.017052,1.001764,7.918703,0.787213,-2.463065
SIM-0525,1,crash_lowside,2750,0.038864,-0.070061,1.001391,8.210523,1.100164,-2.080962
SIM-0525,1,crash_lowside,2760,0.050840,-0.038856,1.021095,9.474327,-3.067776,-1.523992
SIM-0525,1,crash_lowside,2770,0.019474,-0.002739,1.021387,8.938494,0.129876,2.062240
SIM-0525,1,crash_lowside,2780,0.042035,0.038119,0.992296,6.390189,-1.388519,-3.860476
SIM-0525,1,crash_lowside,2790,0.029382,-0.017435,0.988470,6.837911,0.938030,-2.023335
SIM-0525,1,crash_lowside,2800,0.050627,-0.010437,1.046703,4.724408,-1.941669,-1.696594
SIM-0525,1,crash_lowside,2810,0.036624,-0.038124,0.973140,5.486451,-0.183090,-2.234289
SIM-0525,1,crash_lowside,2820,0.036129,0.007855,0.945110,5.302370,-1.177271,0.209774
SIM-0525,1,crash_lowside,2830,0.067317,-0.041398,0.916580,8.734312,0.824866,-1.077988
SIM-0525,1,crash_lowside,2840,0.041040,-0.041048,0.943182,7.008034,2.543996,-2.965513
SIM-0525,1,crash_lowside,2850,0.017187,0.017684,0.958142,8.604475,0.349932,-3.664483
SIM-0525,1,crash_lowside,2860,0.022691,-0.034852,0.963346,6.604173,-0.804372,-4.223351
SIM-0525,1,crash_lowside,2870,0.021123,0.009987,0.962055,6.558359,1.930831,-4.349388
SIM-0525,1,crash_lowside,2880,0.002068,-0.011086,0.989519,7.634892,-2.368073,-1.778124
SIM-0525,1,crash_lowside,2890,0.026093,0.007273,1.035194,7.146875,3.177757,-1.924663
SIM-0525,1,crash_lowside,2900,0.015481,-0.025401,1.036354,4.803740,-1.089384,0.275757
SIM-0525,1,crash_lowside,2910,0.022725,-0.013510,1.028668,6.641717,1.501054,0.715238
SIM-0525,1,crash_lowside,2920,0.001602,0.006934,0.985606,9.281113,1.861335,-0.446623
SIM-0525,1,crash_lowside,2930,-0.020735,0.035397,0.970006,7.436722,3.516334,-4.488363
SIM-0525,1,crash_lowside,2940,0.039387,0.005754,0.976246,6.941833,-0.289939,-1.885049
SIM-0525,1,crash_lowside,2950,-0.001340,0.038226,0.983859,4.991035,0.703818,-0.676248
SIM-0525,1,crash_lowside,2960,-0.032807,0.046046,1.004808,7.325769,0.310511,-0.861413
SIM-0525,1,crash_lowside,2970,0.016821,0.014945,0.946155,7.572557,0.326370,-5.300599
SIM-0525,1,crash_lowside,2980,0.003996,0.022822,0.931018,6.742183,4.909434,-0.988439
SIM-0525,1,crash_lowside,2990,-0.005987,0.007325,0.957039,5.961799,0.031021,-2.728194
SIM-0525,1,crash_lowside,3000,-0.043304,0.016321,0.989592,8.102585,1.330279,-3.056898
SIM-0525,1,crash_lowside,3010,0.020256,0.020580,0.997426,7.363447,1.252044,-1.732740
SIM-0525,1,crash_lowside,3020,-0.006904,-0.011537,0.975044,7.011570,0.234795,-1.336378
SIM-0525,1,crash_lowside,3030,-0.019223,-0.010788,0.972827,9.285647,0.837121,0.514952
SIM-0525,1,crash_lowside,3040,0.007662,0.024360,1.018618,7.847731,-0.499549,-1.172276
SIM-0525,1,crash_lowside,3050,-0.041482,0.025858,0.982818,8.205462,-1.114912,-2.029312
SIM-0525,1,crash_lowside,3060,-0.000797,0.058212,0.989842,6.508951,1.351127,0.705006
SIM-0525,1,crash_lowside,3070,-0.043844,-0.005428,0.937819,7.477348,0.586615,-2.003206
SIM-0525,1,crash_lowside,3080,-0.009432,0.017920,0.939409,8.666719,0.122242,-1.716783
SIM-0525,1,crash_lowside,3090,0.003551,0.008086,0.951485,7.186552,2.562096,-1.952789
SIM-0525,1,crash_lowside,3100,-0.008043,0.058767,0.987368,6.900854,2.385716,-0.538249
SIM-0525,1,crash_lowside,3110,0.013988,0.057294,0.958799,6.280468,-2.669066,0.020018
SIM-0525,1,crash_lowside,3120,-0.024512,0.012469,0.992573,6.993296,-0.049533,-0.896749
SIM-0525,1,crash_lowside,3130,-0.004777,0.011854,0.973979,7.048385,1.013787,-0.541634
SIM-0525,1,crash_lowside,3140,-0.056000,0.044166,0.977110,5.626160,2.127069,-4.711711
SIM-0525,1,crash_lowside,3150,-0.025099,0.007647,1.018348,4.471020,2.444294,-1.278180
SIM-0525,1,crash_lowside,3160,-0.036864,0.046406,0.989310,5.655097,2.709940,-2.183154
SIM-0525,1,crash_lowside,3170,-0.006847,0.003453,0.951630,4.934558,0.427646,-2.640978
SIM-0525,1,crash_lowside,3180,-0.032456,-0.020009,0.986855,4.073873,0.846598,-1.676338
SIM-0525,1,crash_lowside,3190,-0.031290,0.033951,0.909711,6.067267,1.797118,-1.101139
SIM-0525,1,crash_lowside,3200,-0.037914,0.046684,0.967840,4.399897,1.245337,-3.047749
SIM-0525,1,crash_lowside,3210,-0.005952,0.000741,0.957034,4.867334,3.321640,-1.961013
SIM-0525,1,crash_lowside,3220,0.012937,0.053659,0.919776,4.377917,0.679699,-2.493414
SIM-0525,1,crash_lowside,3230,0.015221,0.046356,0.994390,5.191009,2.194485,2.016093
SIM-0525,1,crash_lowside,3240,-0.026762,0.080389,0.982723,7.088291,-0.505692,-2.360795
SIM-0525,1,crash_lowside,3250,-0.031968,-0.020025,0.975103,5.367899,0.150327,-1.523884
SIM-0525,1,crash_lowside,3260,-0.031663,0.018110,0.978657,5.598527,3.439548,-3.196484
SIM-0525,1,crash_lowside,3270,0.014582,0.063479,0.985243,2.333251,1.670256,0.795591
SIM-0525,1,crash_lowside,3280,0.011018,0.029898,0.976172,2.991423,4.137975,-1.894108
SIM-0525,1,crash_lowside,3290,0.025862,0.041887,0.998750,7.446742,3.900391,-2.211698
SIM-0525,1,crash_lowside,3300,-0.014431,0.027576,1.015564,6.964567,2.788347,-1.912174
SIM-0525,1,crash_lowside,3310,0.012199,0.020501,0.981063,5.870466,2.599807,-2.969545
SIM-0525,1,crash_lowside,3320,0.002351,0.046886,0.939589,7.681915,1.217601,1.517706
SIM-0525,1,crash_lowside,3330,0.005508,0.022682,0.991285,5.525514,1.620884,2.185360
SIM-0525,1,crash_lowside,3340,0.019446,0.052082,0.933412,3.409659,2.092871,-1.565707
SIM-0525,1,crash_lowside,3350,0.056711,0.033817,0.912573,4.242034,2.551829,-3.194256
SIM-0525,1,crash_lowside,3360,-0.001069,0.026805,0.950887,7.313525,-0.299032,0.513998
SIM-0525,1,crash_lowside,3370,0.018631,0.035413,0.987636,4.144392,0.338042,2.363510
SIM-0525,1,crash_lowside,3380,0.014502,0.035260,0.982732,3.429179,3.077504,-1.884522
SIM-0525,1,crash_lowside,3390,0.016866,0.041808,0.973784,4.098747,4.421848,-1.537497
SIM-0525,1,crash_lowside,3400,0.025628,0.003527,1.025456,6.140351,-0.887722,-3.499490
SIM-0525,1,crash_lowside,3410,0.010060,0.038723,1.028094,3.002988,2.589093,-2.021583
SIM-0525,1,crash_lowside,3420,0.040959,0.034624,0.968092,6.540426,1.791924,-2.205413
SIM-0525,1,crash_lowside,3430,0.020399,0.059216,0.991741,5.437064,3.921915,-2.381184
SIM-0525,1,crash_lowside,3440,0.002951,0.059277,0.942673,1.434247,2.676648,0.736007
SIM-0525,1,crash_lowside,3450,0.008609,0.020675,0.971321,2.554664,1.931392,0.491737
SIM-0525,1,crash_lowside,3460,0.056067,0.052224,0.880117,4.579593,3.225872,0.241749
SIM-0525,1,crash_lowside,3470,0.018377,0.023044,0.948985,1.201606,0.770332,-1.009774
SIM-0525,1,crash_lowside,3480,0.002960,0.042738,0.974184,3.192781,4.334254,0.458908
SIM-0525,1,crash_lowside,3490,0.072229,0.009951,0.953860,3.979812,2.278421,0.491617
SIM-0525,1,crash_lowside,3500,0.090148,0.028493,0.987138,2.046250,0.342803,0.735007
SIM-0525,1,crash_lowside,3510,-0.003728,0.071570,0.977805,4.338068,2.160502,0.585679
SIM-0525,1,crash_lowside,3520,0.029871,0.045083,0.983550,1.914416,0.390673,-0.897527
SIM-0525,1,crash_lowside,3530,0.023261,0.013820,1.002564,0.497180,3.260900,-2.906082
SIM-0525,1,crash_lowside,3540,0.041361,0.091755,1.030801,2.755444,2.488916,1.178019
SIM-0525,1,crash_lowside,3550,0.028020,0.033501,0.972624,3.606032,3.291418,-0.859123
SIM-0525,1,crash_lowside,3560,0.029027,0.031042,0.985095,2.366771,2.107930,-2.894978
SIM-0525,1,crash_lowside,3570,0.024080,0.050536,0.986133,2.854984,2.373576,-1.830329
SIM-0525,1,crash_lowside,3580,0.033311,0.082962,0.942177,0.698594,2.595663,-2.670814
SIM-0525,1,crash_lowside,3590,0.005289,0.057990,0.974265,3.766467,3.110372,0.631166
SIM-0525,1,crash_lowside,3600,0.030884,0.028306,0.954149,2.347475,2.677408,-0.843817
SIM-0525,1,crash_lowside,3610,0.008983,0.001591,0.938426,1.789519,3.733689,0.387214
SIM-0525,1,crash_lowside,3620,0.047136,0.042458,0.969164,0.468060,2.413530,0.823535
SIM-0525,1,crash_lowside,3630,0.014953,0.013108,0.979867,1.931089,1.033893,-2.901505
SIM-0525,1,crash_lowside,3640,0.016953,0.032540,1.022415,1.928529,2.912928,-0.079546
SIM-0525,1,crash_lowside,3650,-0.002606,0.050489,0.987958,1.718324,0.714776,0.147881
SIM-0525,1,crash_lowside,3660,0.006930,0.036123,1.004044,0.997493,4.268000,-0.941368
SIM-0525,1,crash_lowside,3670,0.024953,0.027284,1.013346,3.553466,4.773519,-0.133966
SIM-0525,1,crash_lowside,3680,0.018590,0.046382,0.972514,0.577694,4.803052,-0.459604
SIM-0525,1,crash_lowside,3690,0.028827,0.058031,0.944850,0.921482,1.208427,0.050337
SIM-0525,1,crash_lowside,3700,0.038572,0.023241,0.983454,1.557363,3.401810,-0.498898
SIM-0525,1,crash_lowside,3710,-0.006019,0.018581,0.926442,1.127897,4.052220,1.746459
SIM-0525,1,crash_lowside,3720,0.000366,0.011157,0.888147,-1.604459,1.137402,-3.756192
SIM-0525,1,crash_lowside,3730,-0.047101,0.051172,0.977538,1.679129,4.024439,0.036603
SIM-0525,1,crash_lowside,3740,0.005864,0.034357,0.980145,1.905385,4.805631,2.011890
SIM-0525,1,crash_lowside,3750,-0.012311,0.016329,0.963565,-1.577975,2.496900,-0.719606
SIM-0525,1,crash_lowside,3760,-0.004798,0.030565,1.001296,-0.123035,2.347378,-2.863211
SIM-0525,1,crash_lowside,3770,-0.007724,0.022581,0.972723,2.279854,4.095737,-1.198411
SIM-0525,1,crash_lowside,3780,0.001529,0.062137,0.987489,0.620379,2.513480,-0.096861
SIM-0525,1,crash_lowside,3790,0.013138,0.031994,1.035695,-0.427365,1.906654,-0.300739
SIM-0525,1,crash_lowside,3800,-0.006282,0.044916,0.987554,0.953499,2.432205,0.832480
SIM-0525,1,crash_lowside,3810,0.005503,0.028997,1.000227,-3.329473,2.446859,0.640620
SIM-0525,1,crash_lowside,3820,-0.049238,0.027017,0.955629,3.984735,2.009354,2.949331
SIM-0525,1,crash_lowside,3830,-0.037281,0.039978,0.952458,-1.510433,3.929792,1.254568
SIM-0525,1,crash_lowside,3840,-0.016352,0.031993,0.952601,0.077958,2.188715,1.644016
SIM-0525,1,crash_lowside,3850,-0.019751,0.031273,0.934525,0.382631,5.339674,-0.620658
SIM-0525,1,crash_lowside,3860,-0.022444,0.037745,0.923224,-1.081014,3.738970,1.888278
SIM-0525,1,crash_lowside,3870,-0.056696,0.045432,0.961629,0.564879,3.849081,0.595820
SIM-0525,1,crash_lowside,3880,-0.015779,0.043970,0.952225,-1.382203,2.088099,-1.334910
SIM-0525,1,crash_lowside,3890,0.000704,0.042299,0.973817,-2.262531,1.841850,-2.584408
SIM-0525,1,crash_lowside,3900,-0.048995,0.003235,0.997561,0.543704,2.431464,-1.142282
SIM-0525,1,crash_lowside,3910,-0.028200,0.002263,0.978304,11.316251,4.660027,-0.912909
SIM-0525,1,crash_lowside,3920,-0.040484,0.037482,0.983435,23.152556,1.344126,-1.165751
SIM-0525,1,crash_lowside,3930,0.005079,0.027124,0.999864,30.028088,0.836310,2.431887
SIM-0525,1,crash_lowside,3940,-0.018844,0.020959,0.979536,40.388668,3.247591,0.305306
SIM-0525,1,crash_lowside,3950,-0.036979,0.049196,0.887218,51.889715,0.842881,0.350577
SIM-0525,1,crash_lowside,3960,-0.032026,0.076499,0.927701,59.016576,2.618252,2.102919
SIM-0525,1,crash_lowside,3970,-0.051183,0.096118,0.918183,67.746202,4.813305,0.747780
SIM-0525,1,crash_lowside,3980,-0.019355,0.142679,0.937471,75.155193,4.480502,2.156350
SIM-0525,1,crash_lowside,3990,-0.039144,0.117478,0.935445,83.826656,3.647370,1.026849
SIM-0525,1,crash_lowside,4000,-0.050068,0.147430,0.925630,96.275563,3.192315,0.025569
SIM-0525,1,crash_lowside,4010,-0.045829,0.146928,0.998113,99.604404,2.563102,0.240229
SIM-0525,1,crash_lowside,4020,-0.025552,0.135824,0.907616,108.093378,3.343399,3.219394
SIM-0525,1,crash_lowside,4030,-0.033664,0.176635,0.917723,113.144591,3.570545,1.356420
SIM-0525,1,crash_lowside,4040,-0.050866,0.190355,0.897207,121.659556,3.060828,-3.454648
SIM-0525,1,crash_lowside,4050,-0.003137,0.222972,0.913097,127.130159,1.552365,-0.059771
SIM-0525,1,crash_lowside,4060,-0.003676,0.222471,0.877332,135.156096,6.000173,5.684821
SIM-0525,1,crash_lowside,4070,-0.040465,0.246245,0.862296,139.471447,4.698201,8.068271
SIM-0525,1,crash_lowside,4080,-0.032236,0.297264,0.805329,149.829077,1.290980,14.122920
SIM-0525,1,crash_lowside,4090,-0.048915,0.277276,0.759473,150.312309,1.766007,15.502503
SIM-0525,1,crash_lowside,4100,-0.034559,0.321162,0.721476,156.641155,3.289301,19.070031
SIM-0525,1,crash_lowside,4110,-0.048797,0.330765,0.765408,157.654592,1.831031,24.223543
SIM-0525,1,crash_lowside,4120,-0.024900,0.384387,0.709445,164.579886,6.205499,26.475215
SIM-0525,1,crash_lowside,4130,0.017019,0.410481,0.700196,170.382911,3.450068,28.329200
SIM-0525,1,crash_lowside,4140,0.001258,0.421722,0.670831,172.370623,5.243464,32.457701
SIM-0525,1,crash_lowside,4150,-0.020383,0.513939,0.634790,176.891324,2.809081,31.912672
SIM-0525,1,crash_lowside,4160,-0.006409,0.483325,0.602954,179.977712,4.293753,38.138730
SIM-0525,1,crash_lowside,4170,-0.009752,0.511262,0.577877,181.761864,3.133405,37.647523
SIM-0525,1,crash_lowside,4180,-0.036870,0.545720,0.494431,186.110631,3.226931,40.782172
SIM-0525,1,crash_lowside,4190,-0.028145,0.554003,0.462796,187.069892,7.247415,41.921143
SIM-0525,1,crash_lowside,4200,0.010670,0.564461,0.415089,192.809916,5.759621,46.091997
SIM-0525,1,crash_lowside,4210,-0.032775,0.624352,0.311916,193.555548,2.646469,51.472976
SIM-0525,1,crash_lowside,4220,0.019745,0.682454,0.250984,195.473281,2.760836,50.444121
SIM-0525,1,crash_lowside,4230,-0.024444,0.673079,0.207232,198.140294,2.133260,50.999168
SIM-0525,1,crash_lowside,4240,-0.039682,0.674982,0.232703,194.839113,3.532481,55.402645
SIM-0525,1,crash_lowside,4250,-0.009682,0.739601,0.186818,198.483118,3.524629,56.049055
SIM-0525,1,crash_lowside,4260,-0.006214,0.735807,0.176207,197.147276,0.667815,58.070480
SIM-0525,1,crash_lowside,4270,-0.014325,0.771676,0.188124,200.118164,3.919712,59.496208
SIM-0525,1,crash_lowside,4280,0.024177,0.828398,0.181269,198.679699,4.741187,62.264780
SIM-0525,1,crash_lowside,4290,-0.002095,0.815614,0.047917,197.965917,3.959248,64.149523
SIM-0525,1,crash_lowside,4300,0.038993,0.874103,0.047103,197.376722,2.001343,64.501423
SIM-0525,1,crash_lowside,4310,0.012910,0.901066,0.021163,199.695228,4.738215,68.761829
SIM-0525,1,crash_lowside,4320,0.082540,0.978971,0.006883,198.063486,4.317153,68.545172
SIM-0525,1,crash_lowside,4330,0.094933,1.021206,0.014415,195.869001,2.082541,68.932683
SIM-0525,1,crash_lowside,4340,0.164667,1.138677,0.123383,193.571820,5.929692,70.001720
SIM-0525,1,crash_lowside,4350,0.253821,1.263774,0.269481,189.362086,2.478888,69.569096
SIM-0525,1,crash_lowside,4360,0.341968,1.396859,0.413429,186.774526,2.892189,73.839328
SIM-0525,1,crash_lowside,4370,0.454839,1.609914,0.632193,187.013224,3.799636,73.928804
SIM-0525,1,crash_lowside,4380,0.560016,1.795682,0.802290,182.673578,3.412142,71.121556
SIM-0525,1,crash_lowside,4390,0.724968,2.059866,1.004360,183.358559,3.890664,70.000055
SIM-0525,1,crash_lowside,4400,0.908810,2.291465,1.268971,177.496370,0.942433,71.556557
SIM-0525,1,crash_lowside,4410,1.021965,2.516212,1.588210,173.452744,1.983751,72.656924
SIM-0525,1,crash_lowside,4420,1.171240,2.760765,1.870339,171.223827,2.965124,73.640028
SIM-0525,1,crash_lowside,4430,1.304243,2.931769,2.072213,163.036359,2.833566,73.776535
SIM-0525,1,crash_lowside,4440,1.397132,3.067183,2.236717,161.324648,4.367382,72.519198
SIM-0525,1,crash_lowside,4450,1.448538,3.146875,2.265824,154.986098,1.756813,73.353861
SIM-0525,1,crash_lowside,4460,1.426091,3.164076,2.138458,150.284651,2.509138,72.834097
SIM-0525,1,crash_lowside,4470,1.352219,3.025595,1.961527,145.918076,2.965030,71.435841
SIM-0525,1,crash_lowside,4480,1.259554,2.875560,1.775332,140.506455,5.391088,71.687945
SIM-0525,1,crash_lowside,4490,1.129306,2.694642,1.567520,132.713376,1.371230,72.609887
SIM-0525,1,crash_lowside,4500,0.998581,2.451620,1.450182,128.375892,5.683074,70.222020
SIM-0525,1,crash_lowside,4510,0.832712,2.209247,1.255657,121.154793,1.051676,69.997017
SIM-0525,1,crash_lowside,4520,0.653280,1.996281,1.082853,114.351282,3.114760,68.510140
SIM-0525,1,crash_lowside,4530,0.500082,1.762287,0.818567,107.764518,2.049952,67.818214
SIM-0525,1,crash_lowside,4540,0.367494,1.572200,0.480367,101.440572,3.759943,68.673666
SIM-0525,1,crash_lowside,4550,0.289220,1.406600,0.223883,93.648822,3.283049,66.887228
SIM-0525,1,crash_lowside,4560,0.172449,1.279646,-0.018502,87.108777,4.064845,63.380487
SIM-0525,1,crash_lowside,4570,0.065227,1.173764,-0.145122,78.440354,2.160716,62.995997
SIM-0525,1,crash_lowside,4580,0.059864,1.107421,-0.100384,65.718461,1.871693,63.439087
SIM-0525,1,crash_lowside,4590,0.022118,1.058366,-0.064939,60.671976,4.897647,63.535302
SIM-0525,1,crash_lowside,4600,0.030155,1.007447,-0.039674,49.291237,1.234908,59.471557
SIM-0525,1,crash_lowside,4610,-0.002603,0.998804,-0.044578,38.786965,3.301899,59.025190
SIM-0525,1,crash_lowside,4620,-0.037451,0.958308,-0.162502,30.804638,0.230491,57.704831
SIM-0525,1,crash_lowside,4630,-0.035827,1.000295,-0.271483,19.553927,0.928996,55.516063
SIM-0525,1,crash_lowside,4640,-0.064856,0.969349,-0.367437,12.088469,1.434068,52.551796
SIM-0525,1,crash_lowside,4650,-0.070954,1.013598,-0.334286,2.340825,4.481851,49.209718
SIM-0525,1,crash_lowside,4660,-0.013951,0.975730,-0.271837,-3.611860,5.100412,44.918256
SIM-0525,1,crash_lowside,4670,-0.022507,0.995767,-0.115095,-2.255501,3.330696,43.015834
SIM-0525,1,crash_lowside,4680,-0.025586,1.001351,-0.037470,-0.663321,3.670316,42.825421
SIM-0525,1,crash_lowside,4690,-0.050278,0.981178,-0.019610,-1.321245,3.763366,42.907660
SIM-0525,1,crash_lowside,4700,-0.044285,0.986853,-0.104713,-2.132588,2.633880,36.609571
SIM-0525,1,crash_lowside,4710,-0.049184,1.006549,-0.297691,-2.179739,3.286770,35.507070
SIM-0525,1,crash_lowside,4720,-0.069768,0.981758,-0.390204,1.321890,2.559995,31.393458
SIM-0525,1,crash_lowside,4730,-0.022540,0.993787,-0.426091,-0.921516,3.585953,27.733513
SIM-0525,1,crash_lowside,4740,-0.009598,0.936741,-0.319524,-3.247438,3.603245,23.581334
SIM-0525,1,crash_lowside,4750,-0.063159,0.958375,-0.178712,0.131519,1.678893,22.878258
SIM-0525,1,crash_lowside,4760,-0.069298,0.999056,-0.088340,-0.726439,0.450809,15.315247
SIM-0525,1,crash_lowside,4770,-0.065619,0.977058,0.027312,0.800407,2.234741,16.891035
SIM-0525,1,crash_lowside,4780,-0.067436,0.972966,-0.018723,-3.356374,1.343567,10.293456
SIM-0525,1,crash_lowside,4790,-0.031710,0.985757,-0.137142,-1.496418,1.552615,12.575064
SIM-0525,1,crash_lowside,4800,-0.048058,0.962951,-0.275804,-3.106398,4.991316,3.249599
SIM-0525,1,crash_lowside,4810,-0.059808,0.990946,-0.342215,-0.917000,3.102114,4.945465
SIM-0525,1,crash_lowside,4820,-0.057324,1.043035,-0.322845,-2.460936,0.284448,3.892834
SIM-0525,1,crash_lowside,4830,-0.063034,1.011869,-0.269372,0.304164,3.073542,4.137500
SIM-0525,1,crash_lowside,4840,-0.050630,1.026454,-0.152413,-1.879812,1.576778,4.977398
SIM-0525,1,crash_lowside,4850,-0.062385,0.991703,-0.062246,-2.213790,2.033610,7.176426
SIM-0525,1,crash_lowside,4860,-0.051145,1.000188,-0.095845,-1.433265,1.741414,4.939819
SIM-0525,1,crash_lowside,4870,-0.025869,0.982011,-0.156059,1.851086,1.379626,1.353837
SIM-0525,1,crash_lowside,4880,-0.061762,0.986229,-0.253999,-1.162764,2.177632,1.709927
SIM-0525,1,crash_lowside,4890,-0.044225,1.008317,-0.276660,-0.258362,1.466856,4.171459
SIM-0525,1,crash_lowside,4900,-0.049915,1.016639,-0.314781,0.346567,1.985265,4.086929
SIM-0525,1,crash_lowside,4910,-0.080366,0.974582,-0.229586,2.557485,0.665662,3.639156
SIM-0525,1,crash_lowside,4920,-0.048496,0.982177,-0.120944,1.543311,4.171114,5.051836
SIM-0525,1,crash_lowside,4930,-0.052964,0.984106,-0.087999,-0.735885,-0.517674,2.062526
SIM-0525,1,crash_lowside,4940,-0.048921,0.984127,-0.086641,0.595898,1.275608,3.396561
SIM-0525,1,crash_lowside,4950,-0.062423,0.951363,-0.159401,0.217342,3.384331,3.704033
SIM-0525,1,crash_lowside,4960,-0.028240,1.010155,-0.258718,2.228188,5.403698,5.430368
SIM-0525,1,crash_lowside,4970,-0.030534,0.984534,-0.277153,-1.098714,3.583984,3.711273
SIM-0525,1,crash_lowside,4980,-0.024199,0.936409,-0.286044,-0.572910,1.707631,5.888977
SIM-0525,1,crash_lowside,4990,-0.037810,0.944808,-0.293756,0.573297,4.520132,6.308605
SIM-0525,1,crash_lowside,5000,-0.016716,1.010781,-0.185379,0.106531,4.955306,6.209646
SIM-0525,1,crash_lowside,5010,-0.018345,1.002913,-0.101589,1.461215,2.454762,4.831512
SIM-0525,1,crash_lowside,5020,-0.049935,0.995000,-0.116918,0.889845,-0.466129,1.330255
SIM-0525,1,crash_lowside,5030,-0.044927,0.951152,-0.082292,0.257596,1.173913,5.874843
SIM-0525,1,crash_lowside,5040,-0.025223,1.009502,-0.168498,-0.083777,4.274243,1.801747
SIM-0525,1,crash_lowside,5050,-0.055220,0.966132,-0.214479,2.548390,1.646603,5.775187
SIM-0525,1,crash_lowside,5060,-0.006813,0.962592,-0.254606,2.497956,1.075887,3.630926
SIM-0525,1,crash_lowside,5070,-0.048713,0.984604,-0.247722,2.920212,4.628662,2.341772
SIM-0525,1,crash_lowside,5080,-0.038697,0.951885,-0.238929,1.619519,1.880373,3.486384
SIM-0525,1,crash_lowside,5090,0.002355,0.949359,-0.146428,0.556984,-0.405953,3.271239
SIM-0525,1,crash_lowside,5100,-0.013027,0.969561,-0.208686,2.068027,4.176505,5.728772
SIM-0525,1,crash_lowside,5110,-0.006026,0.952480,-0.204048,4.216071,2.447419,6.035830
SIM-0525,1,crash_lowside,5120,0.006472,1.019097,-0.190725,3.225274,0.365378,3.872093
SIM-0525,1,crash_lowside,5130,-0.030167,0.953285,-0.209953,2.818009,3.260292,5.877199
SIM-0525,1,crash_lowside,5140,-0.061572,0.977136,-0.187959,3.207968,1.902222,5.720376
SIM-0525,1,crash_lowside,5150,-0.015052,0.988379,-0.186953,0.144622,3.606558,5.768549
SIM-0525,1,crash_lowside,5160,-0.010104,1.014150,-0.182879,1.488191,1.182331,5.692079
SIM-0525,1,crash_lowside,5170,0.038917,0.982482,-0.154861,3.131179,1.996340,1.703903
SIM-0525,1,crash_lowside,5180,-0.002172,1.024334,-0.188073,2.197986,0.006256,4.530942
SIM-0525,1,crash_lowside,5190,0.016775,0.982873,-0.157926,3.393764,-2.373589,5.358178
SIM-0525,1,crash_lowside,5200,-0.029822,0.961690,-0.252204,0.796582,1.585227,3.869453
SIM-0525,1,crash_lowside,5210,-0.026404,0.976050,-0.214918,3.424774,0.267457,5.411629
SIM-0525,1,crash_lowside,5220,-0.014963,0.999058,-0.272135,2.475045,-1.449143,5.432744
SIM-0525,1,crash_lowside,5230,0.032149,1.010312,-0.222428,3.648008,0.960507,5.399802
SIM-0525,1,crash_lowside,5240,-0.026292,0.995975,-0.203899,5.150759,1.180530,5.244337
SIM-0525,1,crash_lowside,5250,0.007568,0.981033,-0.219595,5.547954,2.524463,3.240066
SIM-0525,1,crash_lowside,5260,-0.000598,0.947402,-0.184869,4.386176,2.098164,3.983695
SIM-0525,1,crash_lowside,5270,0.001407,0.984935,-0.178416,2.860484,0.840670,9.008930
SIM-0525,1,crash_lowside,5280,-0.015405,0.944725,-0.162805,5.502667,2.563169,3.847075
SIM-0525,1,crash_lowside,5290,0.005274,0.966247,-0.141357,3.894659,2.820220,6.034108
SIM-0525,1,crash_lowside,5300,-0.041437,0.956560,-0.189550,5.427113,-0.595177,6.364086
SIM-0525,1,crash_lowside,5310,0.003157,0.981493,-0.220964,4.764068,-1.162128,5.332028
SIM-0525,1,crash_lowside,5320,-0.042031,0.966393,-0.234428,5.892139,-1.099070,4.468962
SIM-0525,1,crash_lowside,5330,-0.000892,0.981588,-0.210836,7.210516,1.688661,2.183838
SIM-0525,1,crash_lowside,5340,-0.007765,0.964691,-0.236813,7.001743,0.272908,6.858770
SIM-0525,1,crash_lowside,5350,-0.023786,1.003622,-0.252553,4.715321,4.152924,5.581060
SIM-0525,1,crash_lowside,5360,-0.031124,0.965979,-0.188166,4.062049,-1.822217,5.695885
SIM-0525,1,crash_lowside,5370,-0.013736,1.013568,-0.233739,4.442104,1.848520,3.730692
SIM-0525,1,crash_lowside,5380,-0.019835,0.950158,-0.214661,3.711016,1.940975,4.676359
SIM-0525,1,crash_lowside,5390,-0.006887,0.950324,-0.167205,1.479460,4.271641,3.657020
SIM-0525,1,crash_lowside,5400,-0.012581,0.974925,-0.180763,6.824657,2.624526,4.088630
SIM-0525,1,crash_lowside,5410,-0.046897,0.969781,-0.148644,4.971738,0.302881,7.800654
SIM-0525,1,crash_lowside,5420,-0.091652,0.998626,-0.197431,8.239939,0.883270,3.194409
SIM-0525,1,crash_lowside,5430,0.006761,1.011173,-0.191820,7.678980,0.329842,3.081908
SIM-0525,1,crash_lowside,5440,-0.013860,1.028013,-0.194310,6.592280,1.472240,6.539144
SIM-0525,1,crash_lowside,5450,-0.024425,0.986174,-0.196799,5.449365,-0.083232,6.198941
SIM-0525,1,crash_lowside,5460,-0.014815,0.998379,-0.246296,6.740496,-0.337279,5.140871
SIM-0525,1,crash_lowside,5470,-0.012767,0.974866,-0.207841,6.123988,-0.380749,5.194564
SIM-0525,1,crash_lowside,5480,-0.037878,0.947845,-0.221094,8.485663,0.571709,4.124657
SIM-0525,1,crash_lowside,5490,-0.045757,1.004311,-0.232740,6.568673,2.228952,6.703211
SIM-0525,1,crash_lowside,5500,-0.061040,0.986052,-0.256822,6.224673,1.344811,6.764356
SIM-0525,1,crash_lowside,5510,-0.051172,0.968273,-0.170477,4.611064,-0.054516,2.044851
SIM-0525,1,crash_lowside,5520,-0.036396,0.999419,-0.170271,3.202842,-1.099366,4.868261
SIM-0525,1,crash_lowside,5530,-0.048711,0.978430,-0.138110,5.055279,2.057751,4.984509
SIM-0525,1,crash_lowside,5540,-0.054438,0.971918,-0.195784,6.303660,3.187901,4.564393
SIM-0525,1,crash_lowside,5550,-0.061295,0.964483,-0.196132,6.703543,0.817279,2.817562
SIM-0525,1,crash_lowside,5560,-0.077885,0.967397,-0.250710,6.657511,2.337808,4.129118
SIM-0525,1,crash_lowside,5570,-0.047187,0.966574,-0.211629,5.019664,0.242300,1.502521
SIM-0525,1,crash_lowside,5580,-0.088377,0.973668,-0.222396,6.999300,-1.524210,2.664528
SIM-0525,1,crash_lowside,5590,-0.095359,0.965212,-0.251612,6.278639,-1.515409,6.789459
SIM-0525,1,crash_lowside,5600,-0.060137,0.949389,-0.251615,10.642100,1.410155,5.636959
SIM-0525,1,crash_lowside,5610,-0.031541,0.968797,-0.211394,6.162094,0.778153,4.815265
SIM-0525,1,crash_lowside,5620,-0.048887,1.011114,-0.249324,4.988460,-1.371708,5.999236
SIM-0525,1,crash_lowside,5630,-0.052524,0.975083,-0.213096,4.073909,3.540727,2.815423
SIM-0525,1,crash_lowside,5640,-0.069332,0.981982,-0.202222,5.895724,-0.679232,5.420370
SIM-0525,1,crash_lowside,5650,-0.010953,1.013437,-0.179065,6.236348,-0.894649,4.947827
SIM-0525,1,crash_lowside,5660,-0.072876,0.960648,-0.155735,5.777286,-0.424022,3.907850
SIM-0525,1,crash_lowside,5670,-0.033805,0.979095,-0.243707,6.290703,1.234710,5.110205
SIM-0525,1,crash_lowside,5680,-0.052249,0.953263,-0.179488,7.146106,1.212453,4.689578
SIM-0525,1,crash_lowside,5690,-0.070488,0.976213,-0.251084,7.991645,1.156576,5.230589
SIM-0525,1,crash_lowside,5700,-0.025703,0.994536,-0.200000,7.818198,1.482506,2.515719
SIM-0525,1,crash_lowside,5710,-0.051909,0.976237,-0.218425,9.927963,0.897065,4.222672
SIM-0525,1,crash_lowside,5720,-0.033886,0.963915,-0.277728,6.950729,-0.669721,5.489964
SIM-0525,1,crash_lowside,5730,-0.065280,0.994297,-0.234659,3.551736,0.225599,4.531159
SIM-0525,1,crash_lowside,5740,-0.042774,1.008880,-0.245172,7.497871,-0.372567,3.481723
SIM-0525,1,crash_lowside,5750,-0.034541,0.982554,-0.242000,8.069018,-0.175780,4.249311
SIM-0525,1,crash_lowside,5760,-0.028724,1.011863,-0.197614,7.276372,3.498636,4.375122
SIM-0525,1,crash_lowside,5770,-0.041442,0.978344,-0.202102,7.195336,1.490084,4.689098
SIM-0525,1,crash_lowside,5780,-0.070871,0.980485,-0.198359,7.194205,-0.463397,5.130232
SIM-0525,1,crash_lowside,5790,-0.035024,0.942766,-0.184722,4.521561,-1.906616,4.676890
SIM-0525,1,crash_lowside,5800,-0.056807,0.954592,-0.176794,6.854996,1.299155,6.287355
SIM-0525,1,crash_lowside,5810,-0.046946,0.925026,-0.210959,6.059237,1.859362,2.252604
SIM-0525,1,crash_lowside,5820,-0.045050,0.951590,-0.236770,4.580232,0.228137,5.451187
SIM-0525,1,crash_lowside,5830,-0.028064,0.946834,-0.254467,3.025843,1.231136,5.674538
SIM-0525,1,crash_lowside,5840,-0.001301,0.993330,-0.321096,6.739459,-2.647254,5.745031
SIM-0525,1,crash_lowside,5850,-0.013204,0.988861,-0.242487,6.560440,0.827188,6.579090
SIM-0525,1,crash_lowside,5860,-0.055199,0.985657,-0.316365,5.933914,0.110955,3.797020
SIM-0525,1,crash_lowside,5870,-0.026614,0.975602,-0.240293,5.888184,-0.451207,6.540322
SIM-0525,1,crash_lowside,5880,-0.003061,0.932554,-0.224650,5.427739,0.249215,2.530500
SIM-0525,1,crash_lowside,5890,-0.005102,1.002001,-0.243033,7.494758,0.116544,2.399264
SIM-0525,1,crash_lowside,5900,-0.019511,0.994447,-0.215951,6.750051,-0.842191,4.198038
SIM-0525,1,crash_lowside,5910,-0.025191,0.946101,-0.220169,5.824873,0.441151,6.101200
SIM-0525,1,crash_lowside,5920,0.014193,0.983223,-0.192775,6.760198,-1.231083,3.784017
SIM-0525,1,crash_lowside,5930,-0.009532,0.936041,-0.273587,5.929971,-0.783916,5.945282
SIM-0525,1,crash_lowside,5940,-0.034948,1.004869,-0.207441,5.038594,0.367575,3.321879
SIM-0525,1,crash_lowside,5950,0.016557,0.979821,-0.240310,7.779539,0.698386,5.464772
SIM-0525,1,crash_lowside,5960,0.001023,0.979302,-0.282653,5.545958,-0.224354,5.360833
SIM-0525,1,crash_lowside,5970,0.030291,0.962001,-0.320589,5.423103,2.424934,4.414918
SIM-0525,1,crash_lowside,5980,-0.037156,0.975047,-0.279996,4.244813,-0.680885,8.694794
SIM-0525,1,crash_lowside,5990,-0.000834,0.924757,-0.252631,4.967216,1.353441,6.866773
SIM-0525,1,crash_lowside,6000,0.016401,0.990651,-0.252780,2.496716,0.846182,5.060148
SIM-0525,1,crash_lowside,6010,0.007199,0.965706,-0.229819,6.685711,-0.378067,5.404491
SIM-0525,1,crash_lowside,6020,-0.014053,0.955491,-0.220741,5.985962,4.064383,5.053316
SIM-0525,1,crash_lowside,6030,0.050749,0.959393,-0.217843,8.486387,1.786669,6.584179
SIM-0525,1,crash_lowside,6040,0.018836,0.960381,-0.214512,3.066005,-0.090255,3.373483
SIM-0525,1,crash_lowside,6050,0.020079,0.949896,-0.234387,5.309781,-1.111182,4.198211
SIM-0525,1,crash_lowside,6060,0.039001,0.932306,-0.228198,4.580307,-0.336542,4.890281
SIM-0525,1,crash_lowside,6070,-0.027120,0.951557,-0.281258,4.397806,-0.727949,2.328097
SIM-0525,1,crash_lowside,6080,-0.003599,0.941854,-0.271780,4.867106,-2.320066,4.791211
SIM-0525,1,crash_lowside,6090,0.029463,0.996346,-0.341415,7.617494,3.123017,5.548801
SIM-0525,1,crash_lowside,6100,0.002973,1.008447,-0.297344,5.626636,-2.006780,3.649100
SIM-0525,1,crash_lowside,6110,-0.005591,0.988582,-0.260289,6.701477,-2.798639,5.590024
SIM-0525,1,crash_lowside,6120,0.003592,0.935312,-0.271522,6.021038,-1.100533,3.345517
SIM-0525,1,crash_lowside,6130,0.027223,0.969044,-0.283650,7.015554,-0.399522,4.146357
SIM-0525,1,crash_lowside,6140,0.033911,0.964962,-0.252114,6.303690,-0.987050,3.794591
SIM-0525,1,crash_lowside,6150,-0.010145,0.968082,-0.245203,3.543052,0.076625,2.658111
SIM-0525,1,crash_lowside,6160,-0.021126,0.992297,-0.225760,5.010774,-2.770878,2.751419
SIM-0525,1,crash_lowside,6170,-0.013292,0.900587,-0.200833,6.518600,1.241547,6.084840
SIM-0525,1,crash_lowside,6180,0.016096,0.987813,-0.247000,7.406776,-1.739808,4.630030
SIM-0525,1,crash_lowside,6190,-0.020277,0.971956,-0.273329,3.965348,-1.909017,4.335737
SIM-0525,1,crash_lowside,6200,-0.013708,0.931670,-0.297518,5.217782,-1.197804,3.287663
SIM-0525,1,crash_lowside,6210,-0.007053,0.921173,-0.286633,5.128910,-0.832313,1.303245
SIM-0525,1,crash_lowside,6220,-0.036320,0.945655,-0.324668,5.338047,-1.738937,2.669970
SIM-0525,1,crash_lowside,6230,-0.016370,0.950316,-0.310144,7.102779,-1.917727,6.968181
SIM-0525,1,crash_lowside,6240,0.013588,1.000541,-0.264737,3.899452,-0.297148,0.533243
SIM-0525,1,crash_lowside,6250,-0.023274,0.964616,-0.273977,4.894764,-0.613055,2.719320
SIM-0525,1,crash_lowside,6260,-0.024031,0.983181,-0.229400,4.711657,-0.989254,4.334553
SIM-0525,1,crash_lowside,6270,-0.006319,0.933086,-0.205627,4.909393,0.321900,1.495346
SIM-0525,1,crash_lowside,6280,-0.035005,1.005596,-0.226200,4.867278,-2.924683,3.295426
SIM-0525,1,crash_lowside,6290,-0.025546,0.936077,-0.199209,3.195282,-0.353115,4.251265
SIM-0525,1,crash_lowside,6300,-0.017761,0.970094,-0.286909,4.287405,-2.683987,0.905643
SIM-0525,1,crash_lowside,6310,-0.006311,0.945814,-0.252011,3.858510,0.787994,4.043200
SIM-0525,1,crash_lowside,6320,-0.006255,0.995466,-0.250304,2.924102,-1.803887,4.462878
SIM-0525,1,crash_lowside,6330,-0.067446,0.965545,-0.309323,4.211463,-1.111856,4.038771
SIM-0525,1,crash_lowside,6340,-0.058912,0.947095,-0.308020,3.767527,-2.899164,3.258527
SIM-0525,1,crash_lowside,6350,-0.035934,0.952570,-0.308732,5.658200,-0.553828,5.293998
SIM-0525,1,crash_lowside,6360,-0.026676,1.003766,-0.317048,2.602396,-3.104758,2.845857
SIM-0525,1,crash_lowside,6370,-0.066279,0.970555,-0.306437,2.582728,0.545619,2.761456
SIM-0525,1,crash_lowside,6380,-0.019015,0.977532,-0.297878,4.289425,-0.561887,0.654054
SIM-0525,1,crash_lowside,6390,-0.048184,1.009096,-0.270883,3.891815,-2.150530,2.871618
SIM-0525,1,crash_lowside,6400,-0.060750,0.973733,-0.196018,4.964139,-1.757597,3.236198
SIM-0525,1,crash_lowside,6410,-0.043534,0.967457,-0.231825,2.699141,0.620005,1.672651
SIM-0525,1,crash_lowside,6420,-0.068946,0.966912,-0.264919,2.166282,1.860228,2.504734
SIM-0525,1,crash_lowside,6430,-0.045838,0.985607,-0.287463,4.118745,0.412522,1.117951
SIM-0525,1,crash_lowside,6440,-0.023713,0.962807,-0.283987,4.090388,-0.182204,3.591135
SIM-0525,1,crash_lowside,6450,-0.036707,0.995691,-0.317203,2.158969,-1.836982,2.434572
SIM-0525,1,crash_lowside,6460,-0.026876,0.982445,-0.302617,3.061130,-0.565300,2.781510
SIM-0525,1,crash_lowside,6470,-0.060901,0.973032,-0.276455,2.910703,-0.730164,3.322508
SIM-0525,1,crash_lowside,6480,-0.042306,0.979592,-0.357007,0.364711,-2.681352,4.636508
SIM-0525,1,crash_lowside,6490,-0.043362,0.953725,-0.289190,1.737358,-1.393768,4.257117
SIM-0525,1,crash_lowside,6500,-0.016279,0.945083,-0.281874,-0.294290,0.261699,1.363085
SIM-0525,1,crash_lowside,6510,-0.047068,0.947693,-0.251450,0.053267,0.233959,5.199218
SIM-0525,1,crash_lowside,6520,-0.063442,0.975948,-0.272333,2.841586,-0.867639,0.960962
SIM-0525,1,crash_lowside,6530,-0.015529,0.953698,-0.203713,-0.563034,-0.601393,3.537899
SIM-0525,1,crash_lowside,6540,0.032586,0.956550,-0.230299,0.915595,-1.430510,1.932266
SIM-0525,1,crash_lowside,6550,-0.012009,0.910712,-0.263747,1.077427,-0.995869,3.391408
SIM-0525,1,crash_lowside,6560,-0.028248,0.937857,-0.268918,1.446133,-0.948827,4.469765
SIM-0525,1,crash_lowside,6570,-0.035231,0.938184,-0.268478,-1.100461,-0.173427,3.020522
SIM-0525,1,crash_lowside,6580,-0.050201,0.982166,-0.257736,3.685845,0.434352,2.722214
SIM-0525,1,crash_lowside,6590,-0.018224,0.959203,-0.318130,1.446301,1.087612,1.606664
SIM-0525,1,crash_lowside,6600,-0.026642,0.984092,-0.338768,1.895229,-1.991143,-0.996024
SIM-0525,1,crash_lowside,6610,-0.016640,0.986054,-0.328501,-1.446625,0.055244,3.100509
SIM-0525,1,crash_lowside,6620,0.006090,0.979656,-0.308421,3.395760,1.889141,2.720847
SIM-0525,1,crash_lowside,6630,0.046938,0.963231,-0.259226,-0.883254,2.559109,0.593937
SIM-0525,1,crash_lowside,6640,-0.008832,0.943912,-0.255426,-0.873458,-1.577963,-0.609451
SIM-0525,1,crash_lowside,6650,0.027411,0.991605,-0.215959,1.353905,0.874262,3.161919
SIM-0525,1,crash_lowside,6660,0.021392,0.947829,-0.237647,4.532375,0.415811,2.075903
SIM-0525,1,crash_lowside,6670,-0.037470,0.983875,-0.250901,1.329824,-1.758676,3.384339
SIM-0525,1,crash_lowside,6680,-0.013422,0.947993,-0.272408,1.133138,-1.523190,5.714192
SIM-0525,1,crash_lowside,6690,-0.018259,0.986738,-0.273881,-0.629240,-0.118156,4.291707
SIM-0525,1,crash_lowside,6700,0.041082,1.001974,-0.310800,-1.448694,0.725325,1.932492
SIM-0525,1,crash_lowside,6710,0.033360,0.978584,-0.293986,-0.492768,-0.697062,4.200491
SIM-0525,1,crash_lowside,6720,0.005015,1.008988,-0.333718,-0.683090,0.626925,3.865120
SIM-0525,1,crash_lowside,6730,0.019186,0.947891,-0.299404,-0.080010,-0.832399,-0.360103
SIM-0525,1,crash_lowside,6740,0.038289,0.938893,-0.306633,-1.530535,-2.207052,1.737364
SIM-0525,1,crash_lowside,6750,0.011310,0.993068,-0.292907,1.234266,-0.917396,-1.671025
SIM-0525,1,crash_lowside,6760,-0.028337,1.002983,-0.229328,-1.794346,0.118933,2.751096
SIM-0525,1,crash_lowside,6770,0.030967,0.966563,-0.267389,-0.188069,0.693387,2.336624
SIM-0525,1,crash_lowside,6780,0.029452,0.954085,-0.222973,-0.021577,1.389306,0.581719
SIM-0525,1,crash_lowside,6790,0.010611,0.957915,-0.228517,-0.319287,2.495282,3.397290
SIM-0525,1,crash_lowside,6800,0.005659,0.970341,-0.215493,-1.559571,1.741876,3.522811
SIM-0525,1,crash_lowside,6810,0.068905,0.962822,-0.282931,-1.042559,0.370395,1.933288
SIM-0525,1,crash_lowside,6820,0.058901,0.935299,-0.277435,-0.338591,-1.629182,0.786359
SIM-0525,1,crash_lowside,6830,0.022023,0.964419,-0.339731,-1.300920,-0.772104,-1.091980
SIM-0525,1,crash_lowside,6840,0.031582,0.995630,-0.307762,-1.363446,-2.910811,1.952759
SIM-0525,1,crash_lowside,6850,0.047319,0.937704,-0.259733,0.217298,-1.149182,4.333810
SIM-0525,1,crash_lowside,6860,0.006778,0.979052,-0.296296,-1.384201,2.486864,2.210424
SIM-0525,1,crash_lowside,6870,0.028714,0.964635,-0.259964,-1.965822,1.926849,2.376172
SIM-0525,1,crash_lowside,6880,0.021315,0.939254,-0.230443,-3.905509,-2.644821,2.762753
SIM-0525,1,crash_lowside,6890,0.064073,0.955210,-0.221484,-3.904371,0.030035,0.733096
SIM-0525,1,crash_lowside,6900,0.055819,0.951806,-0.241870,0.458488,2.217702,0.629463
SIM-0525,1,crash_lowside,6910,0.084337,0.931675,-0.172945,-2.433376,-0.688246,2.052109
SIM-0525,1,crash_lowside,6920,-0.023452,0.952228,-0.250489,-3.472322,-1.820030,1.714805
SIM-0525,1,crash_lowside,6930,0.038398,0.989772,-0.277807,-3.314537,-3.740503,2.242734
SIM-0525,1,crash_lowside,6940,0.039712,0.990186,-0.251868,0.845911,-0.723712,1.535418
SIM-0525,1,crash_lowside,6950,0.002585,0.988733,-0.265458,-2.342548,-1.724019,0.245037
SIM-0525,1,crash_lowside,6960,0.041832,0.953905,-0.300661,-4.051202,0.636208,3.481692
SIM-0525,1,crash_lowside,6970,0.080159,0.963447,-0.281374,-3.043549,0.241078,0.270250
SIM-0525,1,crash_lowside,6980,0.033814,0.995354,-0.282475,-2.843296,-0.404736,1.573896
SIM-0525,1,crash_lowside,6990,-0.006029,0.971746,-0.272332,-3.273576,-1.496490,1.519450
SIM-0525,1,crash_lowside,7000,0.027123,1.002513,-0.244974,-4.162397,2.454130,-1.040026
SIM-0525,1,crash_lowside,7010,0.054229,0.975411,-0.224387,-5.034183,3.055385,-0.555314
SIM-0525,1,crash_lowside,7020,0.041907,0.948591,-0.237685,0.414224,-1.215175,0.717020
SIM-0525,1,crash_lowside,7030,0.001655,1.001604,-0.231442,-1.907758,-0.276492,2.517572
SIM-0525,1,crash_lowside,7040,-0.002057,1.004586,-0.214426,-1.838037,0.221931,0.088240
SIM-0525,1,crash_lowside,7050,-0.000595,0.963664,-0.238378,-3.662040,-1.030644,3.630880
SIM-0525,1,crash_lowside,7060,0.018456,0.986978,-0.264927,-2.567472,-1.061559,-0.608759
SIM-0525,1,crash_lowside,7070,0.028096,0.978899,-0.307131,-1.911527,0.191480,2.823968
SIM-0525,1,crash_lowside,7080,0.042135,0.955305,-0.260422,-4.980094,-1.637020,3.082194
SIM-0525,1,crash_lowside,7090,0.008467,0.981939,-0.300219,-2.474578,0.502074,1.337070
SIM-0525,1,crash_lowside,7100,0.048740,0.952829,-0.294688,-4.345310,-1.543524,1.263826
SIM-0525,1,crash_lowside,7110,0.006719,0.966230,-0.251861,-3.937423,0.502236,2.868853
SIM-0525,1,crash_lowside,7120,0.027581,0.973256,-0.301745,-3.259255,-1.086464,2.511988
SIM-0525,1,crash_lowside,7130,0.005131,0.942543,-0.237043,-3.547790,0.105368,-0.794285
SIM-0525,1,crash_lowside,7140,0.011934,0.953634,-0.238174,-3.870792,-0.371692,-0.540918
SIM-0525,1,crash_lowside,7150,-0.035912,1.012336,-0.229437,-4.076719,-0.735292,1.409945
SIM-0525,1,crash_lowside,7160,0.015559,0.987958,-0.176125,-3.496452,-0.360111,1.860387
SIM-0525,1,crash_lowside,7170,0.020565,0.990541,-0.207984,-6.424339,1.745139,1.934222
SIM-0525,1,crash_lowside,7180,-0.014755,0.968832,-0.235152,-3.901686,2.276241,1.867671
SIM-0525,1,crash_lowside,7190,0.009325,0.984218,-0.262123,-2.963472,-0.246009,-0.127457
SIM-0525,1,crash_lowside,7200,0.006301,0.965355,-0.244155,-0.961652,2.883556,-0.057635
SIM-0525,1,crash_lowside,7210,-0.010373,0.967971,-0.258090,-3.167979,0.624236,-0.294728
SIM-0525,1,crash_lowside,7220,0.003091,0.957857,-0.265646,-2.868867,0.424567,2.064061
SIM-0525,1,crash_lowside,7230,-0.030900,0.945449,-0.264800,-5.798758,2.312781,2.075342
SIM-0525,1,crash_lowside,7240,-0.023576,1.008807,-0.245192,-6.321948,-0.438802,4.539024
SIM-0525,1,crash_lowside,7250,-0.032430,0.978693,-0.311688,-3.842813,0.257527,1.106835
SIM-0525,1,crash_lowside,7260,-0.003005,0.965457,-0.226033,-0.968699,0.560279,0.501545
SIM-0525,1,crash_lowside,7270,-0.010814,0.989723,-0.233308,-1.992355,1.442304,2.389091
SIM-0525,1,crash_lowside,7280,-0.045457,0.978533,-0.242046,-2.476066,-1.453542,0.776440
SIM-0525,1,crash_lowside,7290,-0.029476,0.980951,-0.207966,-6.905704,-0.065539,0.612243
SIM-0525,1,crash_lowside,7300,-0.008671,1.006395,-0.242183,-4.373638,1.707515,-2.322576
SIM-0525,1,crash_lowside,7310,-0.033627,0.962603,-0.193790,-6.288462,2.970824,-0.138304
SIM-0525,1,crash_lowside,7320,0.042419,0.953381,-0.286842,-3.698569,0.072967,2.077280
SIM-0525,1,crash_lowside,7330,-0.036559,0.954372,-0.212405,-3.467008,1.986990,1.318832
SIM-0525,1,crash_lowside,7340,-0.030298,0.946773,-0.224783,-2.584085,1.607281,-0.235451
SIM-0525,1,crash_lowside,7350,-0.019406,0.967990,-0.249195,-4.997542,-1.198621,-2.040403
SIM-0525,1,crash_lowside,7360,-0.025329,0.984615,-0.202457,-3.312158,0.786072,-0.404323
SIM-0525,1,crash_lowside,7370,-0.011613,1.028966,-0.221768,-5.190840,0.868369,-1.875858
SIM-0525,1,crash_lowside,7380,0.033327,0.975597,-0.217475,-4.970523,1.167727,-1.376236
SIM-0525,1,crash_lowside,7390,-0.021027,0.995532,-0.246773,-0.958928,-0.195274,-2.425926
SIM-0525,1,crash_lowside,7400,-0.019436,0.956507,-0.200493,-4.046613,2.516793,-2.261095
SIM-0525,1,crash_lowside,7410,0.024646,0.988501,-0.207093,-1.985685,-0.218382,-1.075868
SIM-0525,1,crash_lowside,7420,-0.017510,0.962987,-0.198502,-2.251401,2.148031,-1.270734
SIM-0525,1,crash_lowside,7430,-0.025914,0.986359,-0.213993,-4.053383,3.292819,0.318951
SIM-0525,1,crash_lowside,7440,-0.007466,1.012712,-0.215053,-1.908005,1.933545,2.517555
SIM-0525,1,crash_lowside,7450,0.021713,0.947939,-0.200565,-3.953917,-1.323266,-0.341917
SIM-0525,1,crash_lowside,7460,0.050750,0.958640,-0.216767,-5.039733,0.033591,0.100549
SIM-0525,1,crash_lowside,7470,0.010285,0.966799,-0.245128,-4.001440,2.044712,-1.001139
SIM-0525,1,crash_lowside,7480,-0.004370,0.968182,-0.267051,-3.972403,0.280103,0.465471
SIM-0525,1,crash_lowside,7490,0.007281,0.984799,-0.240354,-5.202385,1.961003,-1.827833
SIM-0525,1,crash_lowside,7500,0.017015,0.954496,-0.250084,-6.376935,1.166844,-2.027430
SIM-0525,1,crash_lowside,7510,0.056602,0.946910,-0.193087,-2.128979,1.601800,-0.431126
SIM-0525,1,crash_lowside,7520,0.032660,0.989594,-0.183108,-2.183240,0.300478,1.832618
SIM-0525,1,crash_lowside,7530,0.005738,0.991931,-0.183529,-3.632863,1.413841,-1.618995
SIM-0525,1,crash_lowside,7540,0.015919,0.931608,-0.163570,-5.057465,1.516734,-0.133829
SIM-0525,1,crash_lowside,7550,0.019858,0.985315,-0.203313,-2.621781,-1.234944,1.467265
SIM-0525,1,crash_lowside,7560,0.079072,0.987437,-0.203731,-4.070145,0.751807,-1.653452
SIM-0525,1,crash_lowside,7570,0.017446,1.011047,-0.223410,-5.509278,4.011360,-2.613799
SIM-0525,1,crash_lowside,7580,0.005242,0.973467,-0.267538,-4.595645,-0.972560,-0.784189
SIM-0525,1,crash_lowside,7590,0.026094,1.012543,-0.263861,-1.421480,0.082078,0.000030
SIM-0525,1,crash_lowside,7600,0.047304,0.953420,-0.267944,-1.268664,0.028176,0.883102
SIM-0525,1,crash_lowside,7610,0.074249,0.987981,-0.233764,-1.606932,0.831453,-0.972924
SIM-0525,1,crash_lowside,7620,0.002952,0.964041,-0.216407,-1.715604,1.123658,-1.481488
SIM-0525,1,crash_lowside,7630,0.094761,0.996940,-0.214181,-0.737290,3.543455,0.928130
SIM-0525,1,crash_lowside,7640,0.051515,0.972849,-0.189760,-3.241338,1.957179,-0.358244
SIM-0525,1,crash_lowside,7650,0.035309,0.978441,-0.182016,-2.488084,1.410417,-0.073748
SIM-0525,1,crash_lowside,7660,0.030903,1.004299,-0.189139,-2.879851,1.014605,-2.220986
SIM-0525,1,crash_lowside,7670,0.037087,0.960400,-0.154054,1.235393,1.510111,-0.278387
SIM-0525,1,crash_lowside,7680,0.034841,0.990760,-0.164543,-3.238017,1.387095,-2.135961
SIM-0525,1,crash_lowside,7690,0.067009,1.005193,-0.187842,-2.064313,2.899280,-0.727049
SIM-0525,1,crash_lowside,7700,-0.024318,1.006325,-0.241331,0.202551,0.337155,-0.386884
SIM-0525,1,crash_lowside,7710,0.042417,0.989655,-0.264612,0.724296,3.777047,-0.431382
SIM-0525,1,crash_lowside,7720,0.041363,0.998734,-0.231447,-1.530164,1.397366,-3.406826
SIM-0525,1,crash_lowside,7730,0.040067,1.005127,-0.162662,-1.904276,2.349220,-1.924791
SIM-0525,1,crash_lowside,7740,0.062815,0.965363,-0.221686,0.788073,0.665937,-1.393452
SIM-0525,1,crash_lowside,7750,0.016622,0.979607,-0.208590,1.671683,0.571818,-0.254413
SIM-0525,1,crash_lowside,7760,0.022928,0.968181,-0.205402,-3.068984,3.622402,-0.770797
SIM-0525,1,crash_lowside,7770,0.015851,0.959047,-0.167264,-2.053811,2.189906,-0.654074
SIM-0525,1,crash_lowside,7780,0.046742,0.983156,-0.159071,0.293270,4.249791,1.062096
SIM-0525,1,crash_lowside,7790,0.012835,0.979949,-0.159628,-0.159520,2.248391,-4.496050
SIM-0525,1,crash_lowside,7800,0.011578,0.981771,-0.174441,1.171523,2.013703,-0.229214
SIM-0525,1,crash_lowside,7810,0.028063,0.990818,-0.174555,0.040742,1.689378,-1.278641
SIM-0525,1,crash_lowside,7820,0.034231,0.997760,-0.173211,1.910172,2.280760,-0.743613
SIM-0525,1,crash_lowside,7830,0.090897,1.008577,-0.274788,-2.033690,3.350737,0.008175
SIM-0525,1,crash_lowside,7840,0.029978,1.021010,-0.268348,1.811216,0.066696,-3.579365
SIM-0525,1,crash_lowside,7850,0.000839,1.008156,-0.222875,1.216494,2.240728,0.411494
SIM-0525,1,crash_lowside,7860,0.002400,1.011734,-0.251245,0.029178,1.584679,-1.154136
SIM-0525,1,crash_lowside,7870,0.015509,0.966703,-0.179234,1.961222,0.036783,-2.873147
SIM-0525,1,crash_lowside,7880,0.025836,0.970189,-0.144425,-1.235808,-1.391361,-1.482867
SIM-0525,1,crash_lowside,7890,0.005706,0.982929,-0.185716,3.285440,1.381275,0.200126
SIM-0525,1,crash_lowside,7900,0.006762,1.031275,-0.144829,2.550041,3.373058,-0.692874
SIM-0525,1,crash_lowside,7910,0.044396,1.009809,-0.190579,1.056004,4.144796,-2.011246
SIM-0525,1,crash_lowside,7920,0.024895,0.939273,-0.144687,1.218043,0.942487,-2.642140
SIM-0525,1,crash_lowside,7930,-0.011360,0.953520,-0.149239,2.321621,1.056144,-2.659056
SIM-0525,1,crash_lowside,7940,0.015772,0.948854,-0.194231,1.371602,4.359795,-1.538943
SIM-0525,1,crash_lowside,7950,0.018559,1.010649,-0.180674,0.253618,3.537189,-2.313650
SIM-0525,1,crash_lowside,7960,0.028487,0.970456,-0.233565,0.858973,5.436050,-2.498164
SIM-0525,1,crash_lowside,7970,0.051414,1.001597,-0.257708,1.777956,3.694980,-0.089202
SIM-0525,1,crash_lowside,7980,-0.055343,1.015505,-0.221018,2.055288,0.997415,-2.305055
SIM-0525,1,crash_lowside,7990,-0.023099,0.989892,-0.206840,2.487968,2.838541,-2.704816
SIM-0525,1,crash_lowside,8000,-0.041466,0.981600,-0.227267,-0.372935,4.826568,-3.297133
SIM-0525,1,crash_lowside,8010,-0.043144,0.994480,-0.174177,-0.600689,3.645030,-1.066812
SIM-0525,1,crash_lowside,8020,0.031894,0.947144,-0.186269,2.181096,2.466628,-0.710126
SIM-0525,1,crash_lowside,8030,0.000880,0.953134,-0.177839,0.190560,4.347848,-0.915984
SIM-0525,1,crash_lowside,8040,-0.010440,0.998171,-0.176810,4.887255,1.712874,-2.900796
SIM-0525,1,crash_lowside,8050,0.013802,0.972751,-0.168218,1.055356,4.691205,-2.334759
SIM-0525,1,crash_lowside,8060,0.021175,0.986463,-0.183470,4.084823,2.728116,-2.503810
SIM-0525,1,crash_lowside,8070,-0.036014,1.005200,-0.209510,2.919762,1.987867,-2.747322
SIM-0525,1,crash_lowside,8080,0.000001,1.025364,-0.231466,6.867831,3.348144,-1.059380
SIM-0525,1,crash_lowside,8090,-0.025368,1.013888,-0.217263,1.706209,-1.460155,0.397812
SIM-0525,1,crash_lowside,8100,-0.000762,0.965551,-0.228216,2.015711,3.982770,-0.584006
SIM-0525,1,crash_lowside,8110,-0.029617,0.981962,-0.180509,3.042014,2.978351,-3.546261
SIM-0525,1,crash_lowside,8120,-0.024080,1.042943,-0.203124,3.210593,5.210593,-1.187619
SIM-0525,1,crash_lowside,8130,-0.014078,1.004268,-0.207926,2.728823,3.100538,-0.204317
SIM-0525,1,crash_lowside,8140,-0.023171,0.960489,-0.162128,2.731646,1.670993,-2.509959
SIM-0525,1,crash_lowside,8150,-0.028101,1.003092,-0.186892,1.720716,3.787183,0.096504
SIM-0525,1,crash_lowside,8160,-0.014088,1.006976,-0.164484,3.771589,3.884146,-2.427371
SIM-0525,1,crash_lowside,8170,0.006896,0.944809,-0.177952,4.631755,2.639955,-0.458869
SIM-0525,1,crash_lowside,8180,-0.018582,1.011989,-0.201521,4.808202,2.159537,0.452159
SIM-0525,1,crash_lowside,8190,-0.018066,0.960256,-0.221876,6.491670,1.480995,-0.655544
SIM-0525,1,crash_lowside,8200,-0.018532,0.948190,-0.202802,6.852634,3.757978,-1.586821
SIM-0525,1,crash_lowside,8210,-0.047487,0.972233,-0.235496,5.744395,3.919116,-0.371591
SIM-0525,1,crash_lowside,8220,-0.020677,0.984704,-0.275945,2.873671,2.458822,-1.492634
SIM-0525,1,crash_lowside,8230,-0.003502,0.957417,-0.191554,3.994337,1.363564,-3.215623
SIM-0525,1,crash_lowside,8240,-0.003997,0.972515,-0.173435,4.706571,0.380755,-5.147907
SIM-0525,1,crash_lowside,8250,-0.024117,1.024897,-0.201304,4.839999,4.333531,-3.251641
SIM-0525,1,crash_lowside,8260,-0.015837,0.963832,-0.234452,5.182413,2.440878,-3.340634
SIM-0525,1,crash_lowside,8270,-0.027411,1.007083,-0.137301,6.666706,5.852648,-4.027824
SIM-0525,1,crash_lowside,8280,-0.018953,0.976512,-0.158338,5.774474,3.927660,-2.376721
SIM-0525,1,crash_lowside,8290,-0.010961,0.957369,-0.154361,5.540911,6.301427,-1.904900
SIM-0525,1,crash_lowside,8300,-0.017417,0.986691,-0.154682,4.888275,2.022153,-4.348463
SIM-0525,1,crash_lowside,8310,-0.010463,0.973722,-0.210175,6.705750,2.103007,-2.485879
SIM-0525,1,crash_lowside,8320,0.018170,1.005338,-0.254788,4.613735,4.987750,-1.511780
SIM-0525,1,crash_lowside,8330,0.002509,1.010843,-0.248394,5.562048,3.029068,-3.580617
SIM-0525,1,crash_lowside,8340,-0.030787,0.959924,-0.195833,4.871937,1.961573,-1.447617
SIM-0525,1,crash_lowside,8350,0.023639,0.943057,-0.235958,8.789794,3.759965,-6.736990
SIM-0525,1,crash_lowside,8360,-0.021142,0.986203,-0.235888,4.412897,2.927575,0.284208
SIM-0525,1,crash_lowside,8370,-0.018126,0.970568,-0.234352,6.632080,4.360894,-2.894609
SIM-0525,1,crash_lowside,8380,-0.022620,0.956646,-0.184505,2.964837,2.542135,-1.558434
SIM-0525,1,crash_lowside,8390,0.000104,0.954986,-0.193237,6.218053,7.886459,-0.762149
SIM-0525,1,crash_lowside,8400,0.024990,1.000524,-0.195818,4.937234,2.222103,-1.999318
SIM-0525,1,crash_lowside,8410,-0.006142,0.947659,-0.176880,6.040523,0.905863,-0.830600
SIM-0525,1,crash_lowside,8420,-0.001768,0.974820,-0.174813,5.416019,4.498366,-3.356705
SIM-0525,1,crash_lowside,8430,0.040480,1.023053,-0.195422,7.728843,2.191000,-1.838387
SIM-0525,1,crash_lowside,8440,0.003247,0.987761,-0.217742,8.834391,4.454138,-0.173872
SIM-0525,1,crash_lowside,8450,0.022485,0.993693,-0.244218,3.134002,4.664425,-1.676019
SIM-0525,1,crash_lowside,8460,0.007007,0.980410,-0.253629,4.164460,2.327658,-3.049168
SIM-0525,1,crash_lowside,8470,0.029224,0.986323,-0.257160,8.602495,1.513936,-1.376131
SIM-0525,1,crash_lowside,8480,-0.013633,0.949063,-0.241409,6.422688,2.583352,-4.786984
SIM-0525,1,crash_lowside,8490,0.045703,0.972389,-0.203703,5.233665,3.519633,-3.962515
SIM-0525,1,crash_lowside,8500,0.042557,0.963299,-0.220994,8.541452,3.872089,-2.643339
SIM-0525,1,crash_lowside,8510,0.042557,0.986843,-0.200389,7.810560,2.917784,-3.300283
SIM-0525,1,crash_lowside,8520,0.009889,0.965874,-0.173930,5.915087,4.339138,-1.888554
SIM-0525,1,crash_lowside,8530,0.047928,0.976442,-0.178855,6.035116,2.777520,-0.836697
SIM-0525,1,crash_lowside,8540,0.054690,0.972216,-0.180131,7.672923,0.235748,2.168230
SIM-0525,1,crash_lowside,8550,0.041801,0.998789,-0.197374,7.814752,2.888383,-3.498745
SIM-0525,1,crash_lowside,8560,-0.006777,0.953596,-0.227862,9.777945,-0.255726,-0.611639
SIM-0525,1,crash_lowside,8570,-0.006177,0.972558,-0.204706,6.800968,3.226104,-4.041833
SIM-0525,1,crash_lowside,8580,0.018764,0.965872,-0.228684,6.448081,2.088300,0.324647
SIM-0525,1,crash_lowside,8590,-0.015184,0.960387,-0.239682,6.411088,2.565724,-3.141581
SIM-0525,1,crash_lowside,8600,0.027808,0.984693,-0.242085,10.474500,4.207022,-2.805652
SIM-0525,1,crash_lowside,8610,0.029783,0.974321,-0.243351,5.832111,2.905267,-1.963830
SIM-0525,1,crash_lowside,8620,0.016619,0.988596,-0.228455,6.779947,4.072122,-3.202962
SIM-0525,1,crash_lowside,8630,0.008332,0.950700,-0.227228,8.377645,2.137825,2.009495
SIM-0525,1,crash_lowside,8640,0.016330,0.953604,-0.203692,6.191745,5.591011,-1.655916
SIM-0525,1,crash_lowside,8650,0.014912,1.000373,-0.215716,4.778271,2.770185,-1.917699
SIM-0525,1,crash_lowside,8660,0.002166,0.939062,-0.204091,8.678344,4.041163,1.314377
SIM-0525,1,crash_lowside,8670,0.037710,0.967451,-0.200586,5.877724,3.883181,-3.118567
SIM-0525,1,crash_lowside,8680,0.031510,1.040984,-0.246138,4.175086,2.819050,-3.144422
SIM-0525,1,crash_lowside,8690,0.011356,0.967178,-0.239940,8.118174,5.839245,-0.810948
SIM-0525,1,crash_lowside,8700,-0.033462,0.950713,-0.254551,4.684498,3.290450,-1.432849
SIM-0525,1,crash_lowside,8710,0.032951,1.032825,-0.309470,6.937454,2.693580,-1.901275
SIM-0525,1,crash_lowside,8720,-0.028278,1.008129,-0.251702,5.494081,4.580205,-3.371086
SIM-0525,1,crash_lowside,8730,0.013008,0.970423,-0.205499,9.210123,4.754715,-0.015008
SIM-0525,1,crash_lowside,8740,0.020074,0.963000,-0.222123,7.451051,4.493542,-3.061556
SIM-0525,1,crash_lowside,8750,-0.024446,0.994092,-0.208740,7.314421,3.843957,-2.100496
SIM-0525,1,crash_lowside,8760,-0.030587,0.996863,-0.195408,5.534302,1.789066,0.989074
SIM-0525,1,crash_lowside,8770,-0.027114,0.988193,-0.230227,8.603636,2.914117,-3.334912
SIM-0525,1,crash_lowside,8780,-0.032768,1.006459,-0.224715,4.947802,5.160818,-2.474453
SIM-0525,1,crash_lowside,8790,-0.041218,1.000515,-0.232495,8.944485,4.721550,-2.317745
SIM-0525,1,crash_lowside,8800,-0.041248,0.965821,-0.197587,6.160290,4.239237,-3.471875
SIM-0525,1,crash_lowside,8810,-0.019428,0.998172,-0.241509,5.282983,3.078346,-1.394029
SIM-0525,1,crash_lowside,8820,-0.029902,0.987376,-0.248074,6.602215,5.235313,-0.268851
SIM-0525,1,crash_lowside,8830,0.017556,0.951422,-0.280955,5.349440,3.082818,-1.537064
SIM-0525,1,crash_lowside,8840,-0.034072,0.976657,-0.311746,5.349723,1.929989,-3.368530
SIM-0525,1,crash_lowside,8850,-0.030332,0.975049,-0.265317,8.099065,0.314285,-0.925939
SIM-0525,1,crash_lowside,8860,-0.012115,0.964139,-0.272577,7.745635,5.648318,-1.475929
SIM-0525,1,crash_lowside,8870,-0.045397,0.973595,-0.275150,8.798462,2.370111,-3.877104
SIM-0525,1,crash_lowside,8880,-0.013653,1.009639,-0.220672,5.567951,4.313721,-1.552844
SIM-0525,1,crash_lowside,8890,-0.038652,0.981343,-0.227509,6.261847,1.281984,-1.332928
SIM-0525,1,crash_lowside,8900,-0.026039,1.005130,-0.193247,8.562727,4.051604,-0.122735
SIM-0525,1,crash_lowside,8910,-0.038223,0.995935,-0.173159,7.678297,3.320865,-2.291738
SIM-0525,1,crash_lowside,8920,-0.084468,0.947168,-0.234875,5.998607,3.294875,-1.913025
SIM-0525,1,crash_lowside,8930,-0.082804,0.965291,-0.255083,6.277776,3.649797,-0.329571
SIM-0525,1,crash_lowside,8940,-0.056472,0.958041,-0.251985,5.213307,1.694921,0.655747
SIM-0525,1,crash_lowside,8950,-0.062446,0.990523,-0.291909,5.665970,7.044826,-2.766651
SIM-0525,1,crash_lowside,8960,-0.047579,0.990869,-0.239488,5.537940,3.096589,-0.901088
SIM-0525,1,crash_lowside,8970,-0.042587,0.991564,-0.252249,7.232169,5.117227,1.680762
SIM-0525,1,crash_lowside,8980,-0.037105,0.944566,-0.293299,6.436352,4.693226,1.212798
SIM-0525,1,crash_lowside,8990,-0.014186,0.971869,-0.282806,7.275735,4.198543,-3.935646
SIM-0525,1,crash_lowside,9000,-0.045268,0.957701,-0.281289,3.796357,3.816274,-0.786125
SIM-0525,1,crash_lowside,9010,-0.038082,0.983686,-0.242256,5.737654,4.365127,-3.375643
SIM-0525,1,crash_lowside,9020,-0.054429,0.996659,-0.244085,4.356044,3.509051,1.640290
SIM-0525,1,crash_lowside,9030,-0.043688,0.973391,-0.229636,8.206722,4.610238,0.408267
SIM-0525,1,crash_lowside,9040,-0.052324,0.968438,-0.219273,5.654246,3.161979,-2.195158
SIM-0525,1,crash_lowside,9050,-0.031901,0.956787,-0.231717,6.523098,1.453768,0.334981
SIM-0525,1,crash_lowside,9060,-0.070634,0.967692,-0.287315,4.274231,3.115449,-2.635701
SIM-0525,1,crash_lowside,9070,-0.049421,0.916829,-0.276557,6.330630,2.727552,-2.453710
SIM-0525,1,crash_lowside,9080,-0.053967,0.966136,-0.276863,5.505474,4.363794,-2.629725
SIM-0525,1,crash_lowside,9090,-0.049011,0.982310,-0.281586,4.397085,5.584862,-1.156167
SIM-0525,1,crash_lowside,9100,-0.038969,0.999579,-0.314589,5.886835,3.723529,-1.069780
SIM-0525,1,crash_lowside,9110,-0.056883,0.961897,-0.273421,5.121117,0.088232,-1.200871
SIM-0525,1,crash_lowside,9120,-0.068007,0.953062,-0.241865,5.409748,3.672115,0.474130
SIM-0525,1,crash_lowside,9130,-0.061187,0.954659,-0.261490,6.541295,2.256202,-3.777793
SIM-0525,1,crash_lowside,9140,-0.036379,0.955614,-0.270954,5.953529,2.961304,1.431963
SIM-0525,1,crash_lowside,9150,-0.020471,0.962669,-0.237375,4.848205,1.275139,-0.775400
SIM-0525,1,crash_lowside,9160,-0.032453,0.956465,-0.216434,3.896495,3.124763,-1.842540
SIM-0525,1,crash_lowside,9170,-0.071621,0.956712,-0.242572,3.906782,3.672450,-0.010522
SIM-0525,1,crash_lowside,9180,-0.021700,0.954652,-0.260490,6.919033,3.794709,3.540066
SIM-0525,1,crash_lowside,9190,0.001523,0.986023,-0.276575,5.173752,3.893273,-2.650332
SIM-0525,1,crash_lowside,9200,-0.036475,0.976347,-0.306166,3.694302,1.244520,0.218942
SIM-0525,1,crash_lowside,9210,-0.006774,0.989431,-0.320690,3.909633,2.292513,-1.976683
SIM-0525,1,crash_lowside,9220,-0.049677,0.957424,-0.301635,5.539670,1.508929,-0.447717
SIM-0525,1,crash_lowside,9230,-0.048496,0.958302,-0.297641,4.455362,-0.146852,0.241026
SIM-0525,1,crash_lowside,9240,-0.036801,0.966628,-0.312768,4.985156,1.234508,-2.319808
SIM-0525,1,crash_lowside,9250,-0.018489,1.005310,-0.310923,3.675427,1.501464,0.627811
SIM-0525,1,crash_lowside,9260,0.007900,0.998460,-0.243270,8.131476,-0.339650,0.942827
SIM-0525,1,crash_lowside,9270,-0.015943,0.984406,-0.268708,6.735097,3.343285,-0.391591
SIM-0525,1,crash_lowside,9280,-0.002678,0.947827,-0.243768,4.609071,3.142072,-0.209943
SIM-0525,1,crash_lowside,9290,0.003607,0.981076,-0.245647,4.407938,0.797107,-0.499170
SIM-0525,1,crash_lowside,9300,-0.012651,0.928934,-0.265936,2.717099,4.760161,-1.324288
SIM-0525,1,crash_lowside,9310,-0.001278,0.947871,-0.269541,2.820481,2.128782,-1.354447
SIM-0525,1,crash_lowside,9320,0.027096,0.958838,-0.246395,4.788412,3.158258,2.169273
SIM-0525,1,crash_lowside,9330,0.002640,0.973225,-0.329448,2.536472,3.638714,-2.178000
SIM-0525,1,crash_lowside,9340,-0.030475,0.929274,-0.296221,1.125361,2.042161,0.817077
SIM-0525,1,crash_lowside,9350,-0.010051,1.007248,-0.277786,5.082586,1.388361,1.354639
SIM-0525,1,crash_lowside,9360,-0.026169,0.926735,-0.278048,4.673015,5.388720,-0.782770
SIM-0525,1,crash_lowside,9370,-0.023853,0.981962,-0.276388,4.424225,0.852637,0.685098
SIM-0525,1,crash_lowside,9380,-0.051207,1.001106,-0.234958,4.518754,-0.328731,-0.282122
SIM-0525,1,crash_lowside,9390,-0.028528,0.960509,-0.282858,2.684457,2.192438,-2.027919
SIM-0525,1,crash_lowside,9400,0.028814,0.952762,-0.259709,1.929497,3.204539,1.814893
SIM-0525,1,crash_lowside,9410,-0.029441,0.978360,-0.239157,1.468423,2.619231,-1.565708
SIM-0525,1,crash_lowside,9420,0.003780,0.959780,-0.250206,0.975574,7.075926,0.469239
SIM-0525,1,crash_lowside,9430,-0.036255,0.959148,-0.267620,2.143942,2.781112,-0.075790
SIM-0525,1,crash_lowside,9440,0.008896,0.953393,-0.301871,2.847680,2.236556,0.252524
SIM-0525,1,crash_lowside,9450,-0.012050,0.958224,-0.282970,0.231153,0.762749,3.567875
SIM-0525,1,crash_lowside,9460,-0.007387,0.946749,-0.311679,0.353641,1.627465,1.010261
SIM-0525,1,crash_lowside,9470,-0.001388,0.982422,-0.262947,0.969633,2.259458,-1.821139
SIM-0525,1,crash_lowside,9480,-0.082258,0.954050,-0.282219,0.333418,3.257853,0.206639
SIM-0525,1,crash_lowside,9490,-0.024626,0.967735,-0.276061,-1.097922,4.455985,1.000590
SIM-0525,1,crash_lowside,9500,-0.021840,0.938597,-0.279524,-0.533858,1.955625,0.749694
SIM-0525,1,crash_lowside,9510,0.018236,0.923962,-0.254984,2.048673,1.548398,2.559679
SIM-0525,1,crash_lowside,9520,-0.006706,0.976820,-0.205008,-2.057414,2.877874,-0.504504
SIM-0525,1,crash_lowside,9530,-0.038166,0.976733,-0.281887,1.099622,2.815315,2.211268
SIM-0525,1,crash_lowside,9540,0.010882,0.953821,-0.237015,-1.610779,3.319191,1.169709
SIM-0525,1,crash_lowside,9550,-0.045814,0.970004,-0.268014,-0.217460,0.870406,0.498324
SIM-0525,1,crash_lowside,9560,-0.056747,0.941609,-0.275971,-3.194812,2.494109,0.948418
SIM-0525,1,crash_lowside,9570,-0.000144,0.982212,-0.275910,1.914565,4.677339,-0.053710
SIM-0525,1,crash_lowside,9580,-0.015828,1.002202,-0.336960,-1.599060,0.815798,1.107071
SIM-0525,1,crash_lowside,9590,-0.014454,0.986511,-0.320019,-0.708452,0.750015,0.492658
SIM-0525,1,crash_lowside,9600,-0.034737,0.970628,-0.297511,-1.136843,1.884969,0.711356
SIM-0525,1,crash_lowside,9610,-0.018304,0.967015,-0.294970,0.481453,1.817764,1.082416
SIM-0525,1,crash_lowside,9620,-0.011158,0.934953,-0.284834,-0.764724,2.156448,1.855321
SIM-0525,1,crash_lowside,9630,-0.051724,0.954174,-0.220264,2.818260,2.413738,3.073563
SIM-0525,1,crash_lowside,9640,-0.054614,0.978670,-0.213545,-3.346280,2.199078,-0.882650
SIM-0525,1,crash_lowside,9650,-0.057608,0.964825,-0.229553,-1.586544,1.751601,2.798060
SIM-0525,1,crash_lowside,9660,-0.059951,0.985416,-0.240240,-0.787953,1.906613,2.601751
SIM-0525,1,crash_lowside,9670,-0.060268,0.960277,-0.262282,-3.081324,1.181168,0.054795
SIM-0525,1,crash_lowside,9680,-0.036052,0.960921,-0.241931,-1.355590,1.946526,-1.903451
SIM-0525,1,crash_lowside,9690,-0.008486,1.003750,-0.278329,-2.399291,-0.944189,2.102018
SIM-0525,1,crash_lowside,9700,-0.077677,0.939925,-0.311023,0.137900,3.085082,2.535028
SIM-0525,1,crash_lowside,9710,-0.042495,0.977659,-0.310034,-1.856338,1.703666,1.361884
SIM-0525,1,crash_lowside,9720,-0.052701,0.969895,-0.298463,-1.998959,0.829486,0.684253
SIM-0525,1,crash_lowside,9730,-0.055831,0.940742,-0.296284,-0.377135,3.359969,0.996062
SIM-0525,1,crash_lowside,9740,-0.055221,0.964959,-0.280781,-4.056213,2.253210,1.414535
SIM-0525,1,crash_lowside,9750,-0.051601,0.937759,-0.258571,-2.492168,2.676520,2.634323
SIM-0525,1,crash_lowside,9760,-0.076156,0.965539,-0.223963,0.097450,0.400326,2.200889
SIM-0525,1,crash_lowside,9770,-0.054266,0.961859,-0.218684,-1.926095,2.511757,1.860880
SIM-0525,1,crash_lowside,9780,-0.029901,0.978506,-0.245053,-1.733410,3.683369,0.926998
SIM-0525,1,crash_lowside,9790,-0.081341,0.975709,-0.208875,-3.444822,0.791086,-1.927955
SIM-0525,1,crash_lowside,9800,-0.063971,0.979496,-0.237683,-1.865648,-0.004841,0.592377
SIM-0525,1,crash_lowside,9810,-0.037203,1.003457,-0.261353,-0.427372,2.144556,3.928171
SIM-0525,1,crash_lowside,9820,-0.087791,0.981592,-0.254119,-4.605255,0.306898,1.797238
SIM-0525,1,crash_lowside,9830,-0.074745,0.991085,-0.307030,-2.455583,0.949106,1.671025
SIM-0525,1,crash_lowside,9840,-0.080854,0.962185,-0.310254,-1.260874,1.498554,1.773429
SIM-0525,1,crash_lowside,9850,-0.048273,0.968003,-0.293187,-4.649260,0.175187,-0.751497
SIM-0525,1,crash_lowside,9860,-0.042094,0.954892,-0.298103,-1.758067,1.945828,0.908598
SIM-0525,1,crash_lowside,9870,-0.087829,0.986521,-0.273446,-4.118652,1.413796,3.177396
SIM-0525,1,crash_lowside,9880,-0.025261,0.946672,-0.202816,-2.984087,0.655083,0.757489
SIM-0525,1,crash_lowside,9890,-0.043361,0.971239,-0.233399,-5.732902,1.741546,0.872627
SIM-0525,1,crash_lowside,9900,-0.057453,0.963659,-0.165697,-1.438937,0.620342,1.112904
SIM-0525,1,crash_lowside,9910,-0.055479,0.969293,-0.214833,-5.729498,-1.666087,1.831231
SIM-0525,1,crash_lowside,9920,-0.045240,0.971330,-0.240353,-3.711432,3.849071,2.302858
SIM-0525,1,crash_lowside,9930,-0.059590,0.982327,-0.265379,-2.564173,-1.699472,3.839542
SIM-0525,1,crash_lowside,9940,-0.015065,0.983396,-0.250368,-5.441878,2.017920,0.920657
SIM-0525,1,crash_lowside,9950,-0.084735,1.012447,-0.297222,-1.297797,2.314088,1.805024
SIM-0525,1,crash_lowside,9960,-0.020814,0.949727,-0.292424,-3.854860,1.918466,0.327496
SIM-0525,1,crash_lowside,9970,-0.034440,0.980102,-0.263275,-0.507173,0.701108,3.845363
SIM-0525,1,crash_lowside,9980,-0.067338,0.962544,-0.252246,-4.098734,3.996594,2.855515
SIM-0525,1,crash_lowside,9990,-0.005207,0.998816,-0.263305,-2.268080,-1.469892,4.279546
